SensorID,Location,Temperature,Humidity,ReadingTime
S1,Lab3,22.5,52,2025-07-20 16:59:41
S5,Greenhouse,28.7,57,2025-07-25 01:17:11
S5,Lab2,26.4,62,2025-08-01 09:45:48
S3,Warehouse,28.4,42,2025-07-31 14:36:07
S2,Greenhouse,24.9,40,2025-07-19 03:58:13
S1,Lab2,23.4,68,2025-07-19 10:50:12
S4,Greenhouse,23.9,54,2025-07-24 00:47:30
S4,Lab3,18.5,55,2025-07-30 06:58:25
S1,Lab3,26.4,56,2025-07-23 20:47:54
S5,Lab1,28.9,66,2025-07-24 21:32:03
S5,Lab3,19.2,57,2025-07-18 23:14:13
S3,Lab1,25.1,30,2025-07-18 02:44:48
S1,Lab2,21.9,68,2025-07-20 19:58:54
S1,Lab1,26.8,37,2025-07-26 13:16:38
S5,Warehouse,20.8,30,2025-07-27 18:47:11
S2,Lab1,27.8,41,2025-07-19 19:58:47
S2,Lab3,29.1,52,2025-07-22 10:02:43
S3,Lab1,28.5,59,2025-07-25 19:49:36
S5,Lab1,27.3,39,2025-07-24 20:23:59
S5,Lab3,29.4,33,2025-07-20 02:19:32
S5,Lab2,22.5,35,2025-07-27 21:10:46
S4,Greenhouse,24.4,66,2025-07-19 09:12:50
S2,Lab3,29.5,53,2025-07-18 05:55:07
S5,Lab1,25.0,67,2025-07-21 20:09:41
S5,Lab1,23.2,34,2025-07-30 18:37:52
S4,Lab1,18.5,55,2025-07-20 03:35:57
S1,Warehouse,26.0,64,2025-07-22 08:06:19
S4,Lab2,20.5,46,2025-07-24 05:31:02
S2,Warehouse,18.9,55,2025-07-21 13:39:03
S2,Lab3,26.8,49,2025-07-18 21:27:33
S4,Lab1,19.1,53,2025-07-27 11:29:22
S4,Lab1,20.8,48,2025-07-19 21:03:03
S1,Lab2,23.8,36,2025-07-25 17:28:41
S3,Lab1,19.8,61,2025-07-22 14:41:07
S1,Lab3,29.3,56,2025-07-23 16:16:29
S4,Lab3,23.2,63,2025-07-24 02:40:53
S1,Lab1,21.8,63,2025-07-21 00:39:41
S1,Lab2,20.2,54,2025-07-25 00:56:03
S2,Lab1,24.0,57,2025-07-20 13:27:35
S4,Lab3,24.5,30,2025-07-28 18:58:46
S1,Lab3,21.6,33,2025-07-21 03:53:20
S3,Warehouse,27.2,42,2025-07-29 10:54:35
S5,Lab3,27.7,49,2025-08-01 11:30:59
S4,Greenhouse,29.6,41,2025-07-26 13:29:45
S3,Greenhouse,23.2,38,2025-07-20 00:10:41
S3,Lab2,18.0,45,2025-08-01 14:11:42
S5,Lab1,27.2,69,2025-07-30 17:41:33
S2,Greenhouse,29.0,37,2025-07-21 13:00:28
S1,Lab2,29.3,48,2025-07-24 23:05:24
S2,Greenhouse,21.6,61,2025-07-30 09:30:25
S2,Warehouse,19.5,53,2025-07-29 12:15:00
S2,Lab2,21.9,56,2025-07-20 18:26:06
S2,Greenhouse,22.3,65,2025-07-24 06:36:29
S5,Warehouse,20.9,41,2025-07-25 05:42:44
S2,Lab1,26.3,32,2025-07-29 15:48:55
S4,Warehouse,23.5,37,2025-08-01 00:50:43
S4,Lab2,20.7,46,2025-07-17 19:27:20
S5,Warehouse,29.8,57,2025-07-26 08:54:01
S2,Lab1,21.3,41,2025-07-27 11:47:19
S2,Lab1,18.3,48,2025-07-30 04:00:31
S1,Lab1,19.8,43,2025-07-20 23:10:27
S3,Lab3,21.5,38,2025-08-01 07:18:04
S1,Greenhouse,27.3,58,2025-07-23 05:05:30
S4,Lab1,19.2,62,2025-07-21 14:05:53
S3,Lab2,22.7,45,2025-07-30 14:12:26
S3,Lab2,28.4,70,2025-07-22 12:00:56
S4,Greenhouse,19.5,53,2025-07-31 06:18:11
S4,Greenhouse,27.8,59,2025-07-21 20:14:55
S5,Warehouse,27.2,59,2025-07-18 07:33:01
S2,Lab3,21.1,35,2025-07-21 23:40:14
S5,Greenhouse,30.0,63,2025-07-18 05:38:24
S5,Warehouse,22.3,37,2025-07-18 22:29:18
S2,Warehouse,20.6,43,2025-07-19 23:27:20
S3,Warehouse,20.0,38,2025-07-18 05:58:45
S1,Greenhouse,23.2,70,2025-07-30 04:59:35
S3,Warehouse,18.8,57,2025-07-31 12:26:16
S4,Lab1,21.5,70,2025-07-23 16:37:49
S4,Lab2,20.4,46,2025-08-01 17:38:45
S1,Lab1,29.9,51,2025-07-18 01:54:38
S4,Lab3,18.9,62,2025-08-01 04:14:34
S4,Lab2,26.9,37,2025-07-26 14:16:16
S1,Lab2,24.1,38,2025-07-22 14:21:07
S1,Greenhouse,24.5,63,2025-08-01 01:08:11
S5,Greenhouse,29.8,66,2025-07-25 11:39:34
S1,Lab2,25.5,67,2025-07-22 11:28:24
S2,Warehouse,27.3,68,2025-07-29 11:13:54
S1,Lab3,21.4,35,2025-07-19 06:52:58
S5,Warehouse,19.3,46,2025-07-18 16:56:26
S4,Lab1,18.9,68,2025-07-19 16:39:36
S2,Lab2,20.1,70,2025-07-27 18:09:41
S1,Lab2,19.7,67,2025-07-26 12:55:10
S1,Lab3,28.4,68,2025-07-19 06:40:12
S1,Greenhouse,24.8,66,2025-07-20 03:26:12
S1,Lab1,28.0,31,2025-08-01 09:07:48
S3,Warehouse,21.6,35,2025-07-27 15:31:11
S3,Lab1,22.1,38,2025-07-25 01:12:12
S5,Warehouse,23.2,32,2025-07-18 10:24:57
S2,Lab3,18.2,54,2025-07-27 11:24:09
S1,Lab3,29.2,34,2025-07-28 04:25:10
S4,Greenhouse,19.4,63,2025-07-28 18:05:14
S4,Greenhouse,25.3,50,2025-07-30 21:16:29
S1,Lab1,29.1,36,2025-07-30 12:40:30
S4,Lab1,29.4,44,2025-07-17 22:48:02
S5,Warehouse,28.1,44,2025-07-20 07:04:38
S1,Lab1,18.6,69,2025-07-22 18:06:30
S2,Greenhouse,20.8,49,2025-07-20 03:37:03
S4,Warehouse,27.8,61,2025-07-23 10:49:49
S1,Lab3,25.6,53,2025-07-30 14:23:27
S5,Lab3,18.7,38,2025-07-28 03:21:34
S2,Lab3,25.6,39,2025-07-25 10:51:34
S3,Greenhouse,21.9,47,2025-07-20 06:28:32
S1,Lab1,27.0,49,2025-07-18 16:06:49
S4,Lab2,18.6,55,2025-07-27 06:06:13
S3,Greenhouse,19.5,62,2025-07-22 18:22:29
S3,Lab2,19.7,50,2025-07-21 15:59:23
S3,Lab1,25.8,60,2025-07-30 01:10:33
S3,Greenhouse,22.5,47,2025-07-28 18:23:56
S1,Warehouse,29.3,49,2025-07-24 14:05:48
S4,Lab2,28.9,61,2025-07-27 22:14:56
S3,Lab1,22.1,55,2025-07-25 14:59:38
S5,Greenhouse,29.3,48,2025-07-24 06:43:07
S2,Lab2,25.1,44,2025-07-22 20:08:30
S1,Lab3,19.1,65,2025-07-26 02:06:31
S1,Lab2,29.3,49,2025-07-22 21:08:09
S1,Lab1,20.8,51,2025-07-22 21:59:22
S4,Lab2,18.0,41,2025-07-26 05:10:14
S5,Lab1,27.3,69,2025-07-31 04:52:54
S3,Lab2,20.6,68,2025-07-31 00:35:09
S2,Lab1,22.0,34,2025-07-20 15:41:17
S5,Lab1,20.4,40,2025-07-17 19:08:11
S1,Warehouse,22.0,58,2025-07-27 01:14:30
S2,Lab3,19.9,41,2025-07-24 09:39:55
S4,Lab1,18.3,59,2025-07-27 01:49:41
S4,Lab3,19.1,35,2025-07-23 10:30:11
S3,Lab3,29.5,53,2025-07-18 10:08:39
S5,Lab3,26.5,30,2025-07-21 09:37:01
S3,Lab2,29.9,46,2025-07-24 00:52:15
S2,Warehouse,21.0,58,2025-08-01 07:52:51
S5,Greenhouse,23.8,43,2025-07-22 09:01:06
S4,Lab3,24.6,56,2025-07-29 01:31:40
S1,Greenhouse,22.0,32,2025-07-30 12:04:35
S3,Lab2,26.6,52,2025-07-31 17:24:05
S2,Warehouse,25.7,60,2025-07-22 16:20:57
S2,Lab3,21.3,51,2025-07-23 16:50:13
S1,Lab3,25.1,67,2025-07-19 22:50:00
S3,Greenhouse,23.9,38,2025-07-28 01:04:05
S1,Lab2,20.6,46,2025-07-19 23:57:03
S4,Lab2,18.3,62,2025-07-22 07:29:11
S2,Greenhouse,21.7,63,2025-07-18 23:44:04
S4,Lab2,29.4,36,2025-07-19 16:31:04
S3,Lab2,24.9,63,2025-07-27 12:56:57
S2,Greenhouse,20.3,58,2025-07-25 10:22:01
S2,Warehouse,24.5,31,2025-07-29 22:04:41
S3,Lab1,25.7,48,2025-07-26 02:01:18
S1,Lab3,19.8,39,2025-07-19 02:35:54
S1,Greenhouse,23.3,60,2025-07-30 11:24:17
S5,Warehouse,26.1,53,2025-07-18 16:13:15
S3,Greenhouse,26.4,42,2025-07-29 13:01:02
S1,Warehouse,27.4,43,2025-07-28 07:15:07
S1,Warehouse,18.2,48,2025-07-25 21:49:44
S4,Lab3,18.7,37,2025-07-30 05:15:05
S3,Warehouse,24.1,49,2025-07-30 10:06:58
S1,Lab1,29.1,39,2025-07-31 14:47:51
S2,Greenhouse,18.6,46,2025-07-26 11:23:34
S4,Lab3,27.3,44,2025-07-31 05:39:44
S4,Greenhouse,22.9,58,2025-07-20 22:36:59
S3,Greenhouse,20.1,35,2025-07-24 12:01:45
S2,Greenhouse,20.9,44,2025-07-24 04:28:01
S1,Warehouse,27.7,51,2025-07-24 13:04:49
S3,Lab3,21.2,30,2025-07-29 03:06:54
S4,Warehouse,20.5,41,2025-07-18 06:09:55
S1,Lab1,23.5,37,2025-07-23 20:58:53
S3,Lab3,19.5,70,2025-07-22 12:50:40
S4,Greenhouse,22.8,54,2025-07-28 19:56:05
S5,Lab3,26.6,32,2025-07-25 11:15:26
S2,Lab1,26.7,63,2025-07-25 12:54:23
S1,Warehouse,21.0,32,2025-07-20 22:47:46
S4,Warehouse,27.5,50,2025-07-28 04:12:09
S2,Greenhouse,22.2,49,2025-07-29 13:56:07
S2,Lab2,18.1,38,2025-07-29 18:49:21
S5,Lab3,25.5,50,2025-07-18 10:37:49
S3,Lab3,26.7,33,2025-07-27 22:24:13
S2,Warehouse,18.4,63,2025-07-18 15:25:08
S1,Lab1,24.1,45,2025-07-29 08:34:21
S2,Lab3,27.6,48,2025-07-31 18:46:52
S5,Greenhouse,22.4,63,2025-07-22 00:01:00
S5,Warehouse,23.6,55,2025-07-20 17:51:11
S5,Lab1,22.5,37,2025-07-22 01:42:01
S1,Lab1,21.8,68,2025-07-31 06:11:34
S2,Warehouse,23.3,41,2025-07-30 00:30:38
S4,Lab3,21.9,67,2025-07-25 15:54:38
S2,Lab2,20.0,45,2025-07-20 16:17:09
S2,Lab3,22.0,61,2025-07-20 20:30:49
S5,Lab2,29.6,59,2025-07-20 19:38:09
S5,Lab2,18.1,47,2025-07-27 10:45:52
S1,Warehouse,19.3,37,2025-07-20 15:02:06
S4,Greenhouse,28.9,66,2025-07-19 11:31:28
S4,Greenhouse,24.1,53,2025-07-24 21:00:10
S5,Greenhouse,18.6,31,2025-07-20 16:10:12
S1,Greenhouse,26.3,36,2025-07-18 04:33:39
S1,Greenhouse,23.1,38,2025-07-19 00:16:31
S2,Greenhouse,22.5,64,2025-07-23 12:44:02
S4,Lab1,24.3,30,2025-07-28 15:24:32
S4,Warehouse,24.8,48,2025-07-19 11:19:25
S3,Lab2,29.1,35,2025-07-24 14:04:38
S1,Warehouse,18.9,68,2025-07-24 01:52:26
S4,Lab3,21.0,49,2025-07-22 11:40:03
S4,Warehouse,23.4,51,2025-07-20 21:33:08
S5,Lab1,19.4,65,2025-07-20 04:23:04
S4,Lab2,22.2,30,2025-07-29 12:39:56
S5,Greenhouse,23.7,69,2025-07-24 01:00:38
S5,Lab1,22.3,38,2025-07-31 08:09:46
S1,Lab3,20.7,48,2025-07-24 02:51:44
S2,Lab2,19.5,61,2025-07-24 14:26:50
S5,Warehouse,29.0,67,2025-07-19 14:42:04
S5,Lab2,24.1,31,2025-07-30 14:40:05
S2,Lab1,18.3,48,2025-07-23 06:54:38
S1,Lab1,23.5,35,2025-07-30 04:01:11
S3,Greenhouse,21.0,57,2025-07-17 22:40:01
S1,Lab1,27.5,37,2025-07-27 16:59:58
S1,Lab3,20.7,59,2025-07-24 14:22:35
S5,Warehouse,18.1,53,2025-07-25 06:23:58
S3,Lab3,27.4,31,2025-07-23 12:41:17
S1,Lab1,19.7,54,2025-07-21 04:52:42
S3,Lab1,24.8,45,2025-07-26 14:05:26
S2,Lab1,27.0,48,2025-07-20 02:58:55
S4,Lab2,21.3,57,2025-07-24 05:25:58
S3,Lab2,21.9,36,2025-07-19 11:58:49
S5,Lab3,29.4,51,2025-07-24 23:18:56
S1,Lab2,29.4,69,2025-07-18 20:25:42
S1,Warehouse,29.8,50,2025-07-18 14:46:35
S5,Warehouse,22.4,60,2025-07-31 07:06:45
S1,Lab1,22.3,38,2025-07-27 18:13:51
S5,Lab1,20.1,68,2025-07-21 08:35:43
S5,Greenhouse,19.9,44,2025-07-20 10:38:47
S1,Lab3,24.9,43,2025-07-25 02:15:34
S1,Greenhouse,23.4,43,2025-07-21 10:18:54
S2,Lab3,21.6,50,2025-07-21 13:26:00
S3,Greenhouse,29.2,34,2025-07-30 01:55:10
S4,Lab1,29.8,66,2025-08-01 02:50:58
S5,Lab1,20.7,65,2025-07-30 11:06:06
S2,Lab1,25.4,31,2025-07-24 00:24:24
S1,Lab3,28.6,63,2025-08-01 09:57:58
S3,Greenhouse,27.7,51,2025-07-25 02:28:07
S4,Lab1,18.7,36,2025-07-25 01:12:37
S4,Warehouse,24.9,52,2025-07-24 13:59:22
S2,Lab2,18.2,66,2025-07-25 02:08:22
S2,Lab1,28.5,64,2025-07-24 18:30:29
S5,Warehouse,19.6,42,2025-07-22 04:19:25
S4,Lab3,22.5,51,2025-07-27 18:13:19
S4,Greenhouse,27.3,33,2025-07-26 06:27:26
S5,Warehouse,21.7,44,2025-08-01 15:15:59
S1,Lab1,25.9,67,2025-07-20 20:12:52
S2,Lab2,28.8,55,2025-07-24 09:03:48
S2,Lab3,18.9,45,2025-07-27 07:33:19
S1,Lab1,22.2,35,2025-07-19 04:01:48
S2,Lab1,23.3,33,2025-07-24 08:54:45
S3,Lab1,19.5,56,2025-07-26 06:31:28
S3,Greenhouse,25.0,44,2025-07-29 08:46:48
S1,Warehouse,21.1,67,2025-07-27 00:39:42
S3,Lab3,22.8,56,2025-07-27 05:06:30
S2,Warehouse,21.0,67,2025-08-01 03:59:42
S2,Lab3,20.0,68,2025-07-24 00:36:28
S1,Greenhouse,27.8,35,2025-07-23 18:19:26
S3,Lab1,20.9,32,2025-07-27 10:33:07
S3,Lab2,26.9,41,2025-07-27 11:01:10
S4,Lab3,29.4,61,2025-07-25 12:15:48
S5,Lab2,28.0,40,2025-07-24 14:34:08
S3,Lab1,18.0,34,2025-07-24 16:57:38
S3,Greenhouse,25.1,61,2025-08-01 02:22:32
S4,Lab1,21.0,32,2025-07-21 08:42:01
S4,Lab3,23.6,58,2025-07-25 08:46:11
S4,Lab2,27.0,38,2025-07-28 07:06:34
S3,Lab3,24.3,60,2025-07-20 15:11:59
S4,Warehouse,23.1,43,2025-07-27 08:20:19
S5,Lab1,22.5,31,2025-07-19 18:48:34
S4,Warehouse,29.6,32,2025-07-22 22:48:47
S2,Lab1,22.0,34,2025-07-21 08:06:00
S4,Lab3,19.7,66,2025-07-20 22:54:26
S2,Warehouse,18.7,51,2025-07-27 18:12:05
S1,Lab1,27.6,58,2025-07-27 20:02:13
S2,Lab2,26.3,54,2025-07-20 09:58:43
S5,Lab3,18.1,31,2025-07-21 15:45:47
S3,Lab1,21.8,32,2025-07-31 13:22:04
S2,Greenhouse,23.7,54,2025-07-31 01:11:12
S3,Warehouse,23.4,42,2025-07-19 07:12:00
S1,Warehouse,24.3,65,2025-07-27 10:16:31
S1,Lab2,24.3,31,2025-07-21 20:17:31
S2,Lab1,24.7,46,2025-07-27 16:30:24
S5,Lab1,20.5,37,2025-08-01 16:13:41
S5,Warehouse,29.2,38,2025-07-23 09:38:24
S3,Greenhouse,22.3,49,2025-07-25 04:53:14
S4,Lab2,29.8,38,2025-07-19 17:18:39
S1,Warehouse,18.9,46,2025-07-22 08:34:58
S3,Warehouse,18.7,34,2025-07-27 14:21:54
S4,Lab1,28.2,47,2025-07-18 02:00:19
S5,Lab1,27.3,68,2025-07-24 08:08:51
S5,Lab3,26.8,48,2025-07-30 18:30:52
S5,Warehouse,24.5,67,2025-07-26 13:00:39
S3,Lab1,26.7,66,2025-07-25 05:21:49
S5,Greenhouse,29.4,42,2025-07-28 20:56:53
S5,Lab1,23.1,51,2025-07-18 18:02:28
S1,Warehouse,20.1,30,2025-07-23 08:18:23
S4,Lab3,27.9,66,2025-07-29 12:49:13
S4,Greenhouse,27.1,62,2025-07-21 11:41:12
S4,Lab2,24.6,37,2025-07-19 01:20:31
S5,Lab1,24.1,56,2025-07-31 16:54:01
S3,Warehouse,29.1,62,2025-07-28 11:11:45
S3,Greenhouse,29.1,55,2025-07-17 19:56:18
S5,Lab2,20.9,57,2025-07-21 20:40:58
S3,Lab3,23.9,32,2025-08-01 05:00:00
S4,Lab3,27.9,62,2025-07-26 23:28:58
S2,Lab3,18.0,69,2025-07-30 16:44:04
S3,Warehouse,27.9,53,2025-07-18 05:44:17
S3,Greenhouse,21.0,50,2025-07-28 19:42:44
S5,Greenhouse,29.8,63,2025-07-22 17:32:00
S4,Greenhouse,18.1,53,2025-07-26 09:21:50
S1,Lab2,19.7,36,2025-07-20 08:14:45
S2,Lab3,26.7,50,2025-07-26 22:25:49
S2,Lab2,24.0,42,2025-07-27 03:29:52
S5,Lab2,26.8,48,2025-07-31 01:18:49
S3,Greenhouse,28.5,58,2025-07-31 18:53:24
S3,Warehouse,19.9,51,2025-07-30 19:35:28
S2,Lab1,27.6,49,2025-07-24 03:50:14
S5,Lab3,24.1,64,2025-07-26 06:54:21
S4,Warehouse,18.9,55,2025-07-18 18:44:51
S5,Lab2,27.7,51,2025-07-27 07:03:32
S5,Lab2,28.6,35,2025-07-21 23:29:04
S5,Lab1,24.2,60,2025-08-01 04:11:10
S3,Warehouse,25.5,51,2025-07-20 21:35:52
S4,Lab1,29.8,62,2025-07-18 16:22:15
S2,Warehouse,20.3,39,2025-07-22 22:25:25
S3,Warehouse,22.7,47,2025-07-23 08:12:22
S2,Lab2,28.9,38,2025-08-01 02:19:39
S3,Lab1,28.1,55,2025-07-20 20:58:42
S5,Greenhouse,20.5,32,2025-07-29 13:46:29
S2,Lab3,21.2,48,2025-07-18 18:46:41
S2,Warehouse,28.6,35,2025-07-20 22:14:57
S5,Warehouse,25.1,55,2025-07-29 02:22:11
S4,Lab3,18.4,41,2025-07-23 05:58:14
S1,Warehouse,28.5,40,2025-07-30 03:18:42
S4,Greenhouse,25.9,30,2025-07-26 12:02:48
S4,Greenhouse,29.9,30,2025-07-25 06:12:34
S5,Lab1,21.3,48,2025-07-19 00:53:26
S3,Warehouse,23.3,61,2025-07-24 08:10:52
S2,Lab1,25.3,41,2025-07-22 10:03:54
S4,Greenhouse,21.5,30,2025-07-31 04:15:36
S3,Greenhouse,21.7,62,2025-07-29 20:52:41
S1,Lab2,25.5,65,2025-07-31 05:36:02
S3,Lab1,27.3,61,2025-07-30 14:30:54
S1,Lab1,24.2,52,2025-07-18 07:49:27
S3,Lab3,26.6,41,2025-07-27 10:26:33
S2,Warehouse,19.8,70,2025-07-22 19:49:37
S4,Lab1,27.7,66,2025-07-27 21:38:52
S5,Lab2,23.1,57,2025-07-23 11:42:13
S3,Lab2,20.0,60,2025-07-29 06:42:53
S5,Lab2,25.0,51,2025-07-30 02:31:10
S3,Lab3,21.3,38,2025-07-20 08:49:10
S2,Greenhouse,28.3,44,2025-07-19 00:01:36
S4,Lab2,22.8,41,2025-07-31 20:45:52
S3,Warehouse,20.5,43,2025-07-21 20:49:09
S1,Warehouse,22.9,47,2025-07-25 15:21:12
S3,Lab3,19.9,53,2025-07-22 00:48:00
S3,Greenhouse,24.3,32,2025-07-21 22:12:26
S3,Lab1,25.7,34,2025-07-30 01:15:00
S5,Warehouse,24.8,59,2025-07-28 02:54:07
S5,Greenhouse,25.2,55,2025-07-23 08:18:34
S5,Lab2,26.8,32,2025-07-18 07:18:43
S4,Greenhouse,27.4,39,2025-07-31 06:18:11
S2,Lab3,21.6,61,2025-07-17 23:45:50
S5,Warehouse,19.2,51,2025-07-27 00:29:58
S1,Warehouse,21.9,33,2025-07-26 11:43:19
S3,Greenhouse,19.0,45,2025-07-29 12:48:28
S4,Lab2,18.5,43,2025-07-25 13:24:11
S3,Warehouse,29.6,68,2025-07-31 06:02:34
S4,Warehouse,26.3,52,2025-07-23 05:08:09
S3,Warehouse,23.6,61,2025-07-24 23:41:25
S5,Lab2,19.0,45,2025-07-29 14:52:04
S4,Lab3,28.9,53,2025-07-31 01:37:45
S1,Lab1,18.3,54,2025-07-29 03:31:54
S1,Lab3,27.6,37,2025-07-19 14:50:47
S2,Lab1,27.3,58,2025-07-26 14:26:48
S2,Warehouse,24.6,33,2025-07-22 02:00:47
S1,Lab1,29.2,41,2025-07-18 20:17:05
S2,Lab2,22.5,39,2025-07-31 12:14:49
S2,Lab1,29.8,47,2025-07-18 18:30:03
S2,Greenhouse,23.1,31,2025-07-28 02:41:48
S3,Lab2,22.7,55,2025-07-18 12:35:36
S5,Warehouse,28.4,41,2025-07-23 14:22:33
S2,Lab3,21.7,57,2025-07-26 05:18:41
S5,Lab2,24.5,57,2025-07-19 18:28:41
S3,Greenhouse,19.2,43,2025-07-25 06:19:49
S3,Greenhouse,21.6,62,2025-07-22 14:26:57
S3,Lab1,27.0,30,2025-07-25 06:50:18
S5,Warehouse,18.2,67,2025-07-18 20:17:12
S5,Greenhouse,26.8,31,2025-07-21 20:13:16
S5,Lab1,22.5,66,2025-07-27 20:58:39
S2,Lab1,22.5,40,2025-07-22 05:27:22
S1,Lab2,19.8,49,2025-07-31 10:35:57
S2,Lab1,24.3,59,2025-07-23 19:46:04
S5,Lab3,29.6,40,2025-07-23 22:21:40
S3,Lab1,22.8,33,2025-07-18 11:26:14
S1,Greenhouse,20.6,55,2025-07-26 23:38:02
S5,Lab1,24.9,51,2025-07-22 06:32:22
S2,Lab1,29.3,43,2025-07-25 06:12:59
S3,Warehouse,27.4,51,2025-07-27 18:13:03
S2,Lab2,22.5,53,2025-07-31 07:36:20
S2,Lab3,28.9,67,2025-07-23 04:18:15
S2,Lab1,20.2,52,2025-07-18 20:30:29
S3,Greenhouse,27.0,58,2025-07-21 22:04:48
S5,Lab2,18.5,63,2025-07-22 04:15:31
S1,Warehouse,19.7,63,2025-07-18 00:57:15
S1,Warehouse,27.4,57,2025-07-20 22:33:38
S2,Warehouse,23.1,40,2025-07-20 19:33:20
S4,Greenhouse,25.9,51,2025-07-23 07:34:51
S2,Greenhouse,28.9,35,2025-07-20 18:43:52
S2,Lab1,23.7,43,2025-07-26 04:59:13
S5,Lab1,19.4,41,2025-07-30 02:39:52
S2,Lab1,23.5,64,2025-07-26 02:27:14
S1,Lab3,21.1,51,2025-07-19 04:36:42
S4,Greenhouse,28.7,61,2025-07-30 03:55:59
S5,Warehouse,18.3,49,2025-07-25 22:57:32
S1,Lab2,21.8,30,2025-07-20 15:32:36
S2,Lab3,26.2,32,2025-07-23 22:55:50
S1,Lab2,19.3,42,2025-07-31 23:12:30
S5,Greenhouse,27.0,40,2025-07-23 18:37:56
S2,Warehouse,22.9,58,2025-07-21 19:28:19
S5,Warehouse,29.8,42,2025-07-30 05:42:43
S3,Lab3,25.2,68,2025-07-29 05:46:51
S1,Lab2,26.7,59,2025-07-23 06:45:12
S3,Warehouse,25.4,58,2025-08-01 05:13:47
S2,Lab2,24.6,63,2025-07-25 01:02:35
S1,Greenhouse,28.0,54,2025-07-30 13:02:06
S3,Lab2,26.6,30,2025-07-30 08:27:32
S3,Warehouse,22.2,52,2025-07-29 03:49:19
S3,Lab2,24.5,41,2025-07-17 23:45:21
S4,Warehouse,18.9,68,2025-07-25 10:51:05
S5,Lab2,19.6,49,2025-07-21 22:04:05
S1,Lab2,26.3,52,2025-07-23 13:54:47
S2,Lab1,21.8,42,2025-07-27 06:45:16
S4,Lab3,24.8,64,2025-07-30 00:00:28
S1,Warehouse,23.5,67,2025-07-23 18:42:06
S3,Lab3,19.4,32,2025-07-23 12:13:24
S4,Lab1,20.4,63,2025-07-20 16:36:23
S4,Lab1,26.8,30,2025-07-28 22:15:26
S1,Greenhouse,21.5,33,2025-07-28 20:13:18
S4,Greenhouse,29.3,56,2025-07-18 03:11:55
S1,Lab2,21.2,54,2025-07-29 03:30:08
S2,Warehouse,21.2,32,2025-07-19 07:36:37
S1,Lab2,27.1,51,2025-07-29 14:32:57
S3,Greenhouse,29.0,33,2025-07-28 15:15:05
S1,Warehouse,21.2,67,2025-07-20 02:01:26
S1,Lab3,24.4,55,2025-07-28 00:36:57
S3,Lab2,21.8,70,2025-07-29 08:26:59
S1,Lab3,19.1,34,2025-07-30 12:18:52
S4,Greenhouse,23.8,43,2025-07-26 10:23:16
S1,Lab2,26.6,31,2025-07-23 18:25:27
S5,Warehouse,23.4,66,2025-07-27 09:58:10
S1,Lab1,29.2,59,2025-07-19 14:21:59
S3,Warehouse,19.9,32,2025-07-27 07:59:27
S3,Warehouse,23.8,43,2025-08-01 15:30:01
S5,Warehouse,26.1,40,2025-07-30 07:39:43
S3,Warehouse,20.9,69,2025-07-27 05:22:33
S4,Warehouse,23.7,36,2025-08-01 01:56:25
S2,Warehouse,28.0,69,2025-07-25 06:17:26
S3,Lab2,18.4,47,2025-07-29 09:44:06
S2,Warehouse,26.0,54,2025-07-24 22:14:17
S2,Greenhouse,20.0,31,2025-08-01 04:21:40
S2,Warehouse,29.6,34,2025-07-25 21:19:35
S4,Lab3,27.4,44,2025-07-29 19:06:40
S2,Lab3,26.8,53,2025-07-25 23:00:25
S2,Warehouse,26.8,39,2025-07-31 17:58:48
S5,Greenhouse,22.5,53,2025-07-24 15:35:14
S5,Greenhouse,19.6,70,2025-07-25 21:59:28
S3,Greenhouse,21.8,30,2025-07-28 10:05:35
S1,Lab3,22.3,56,2025-07-23 18:09:29
S5,Greenhouse,21.7,51,2025-07-18 10:47:25
S3,Lab1,28.3,49,2025-08-01 15:06:35
S5,Lab1,27.6,59,2025-07-25 05:35:22
S3,Warehouse,20.8,60,2025-07-26 01:01:27
S1,Lab3,18.2,34,2025-07-26 21:53:46
S4,Lab2,28.5,48,2025-07-18 14:10:53
S1,Lab1,19.2,30,2025-07-21 08:14:44
S3,Lab2,29.2,35,2025-07-31 22:49:15
S2,Greenhouse,29.3,50,2025-07-28 18:31:19
S1,Warehouse,18.9,67,2025-07-18 16:36:41
S3,Lab1,20.3,38,2025-07-29 11:01:52
S5,Lab3,19.4,47,2025-07-25 06:28:00
S2,Lab1,27.4,47,2025-07-28 00:18:10
S3,Lab1,25.5,37,2025-07-31 10:14:13
S2,Lab2,24.1,66,2025-07-26 00:35:33
S2,Warehouse,20.1,47,2025-07-25 22:47:05
S3,Lab2,30.0,62,2025-07-22 06:11:09
S1,Lab3,21.5,50,2025-07-19 19:13:26
S4,Warehouse,25.1,46,2025-07-19 18:50:24
S5,Lab2,25.7,52,2025-07-27 03:10:44
S1,Lab2,18.9,59,2025-07-23 05:27:43
S5,Lab1,22.2,45,2025-07-30 05:29:18
S4,Warehouse,20.4,64,2025-07-28 11:07:53
S2,Greenhouse,22.7,46,2025-08-01 02:02:50
S5,Lab3,23.6,34,2025-07-26 21:49:44
S2,Lab1,27.6,69,2025-08-01 10:06:33
S3,Greenhouse,26.0,51,2025-07-24 14:04:21
S5,Lab1,20.3,55,2025-07-30 12:27:49
S1,Lab1,29.1,42,2025-08-01 16:18:58
S4,Lab1,21.4,44,2025-07-20 22:15:09
S4,Greenhouse,27.0,55,2025-07-30 12:22:56
S1,Warehouse,29.1,64,2025-07-31 12:19:00
S4,Warehouse,19.3,68,2025-07-27 11:34:17
S3,Lab3,19.8,55,2025-07-19 04:54:50
S4,Lab3,24.8,58,2025-07-21 11:12:04
S2,Lab2,28.7,52,2025-07-26 19:05:08
S4,Lab3,29.7,41,2025-08-01 14:42:15
S5,Lab3,26.7,48,2025-07-31 10:10:46
S1,Lab3,19.1,46,2025-07-26 04:52:27
S5,Lab1,29.2,63,2025-07-17 23:43:24
S5,Greenhouse,23.6,36,2025-07-28 13:25:50
S4,Lab1,27.3,47,2025-07-19 14:39:43
S4,Lab3,27.9,42,2025-07-22 16:11:42
S2,Lab2,19.4,44,2025-07-31 13:15:46
S1,Lab3,27.9,55,2025-07-27 03:30:54
S4,Lab1,24.7,45,2025-07-22 01:12:14
S5,Lab3,28.4,42,2025-07-29 15:56:30
S2,Greenhouse,19.3,37,2025-07-26 07:42:11
S4,Greenhouse,29.0,42,2025-07-29 07:23:01
S1,Lab2,27.0,70,2025-07-23 16:06:28
S2,Greenhouse,19.1,40,2025-07-18 04:36:08
S3,Warehouse,19.3,68,2025-07-26 18:20:34
S2,Greenhouse,29.0,54,2025-07-19 17:00:07
S3,Lab1,27.5,39,2025-07-19 18:00:03
S2,Warehouse,18.8,48,2025-07-27 21:05:20
S3,Lab1,18.2,51,2025-07-23 04:53:58
S4,Greenhouse,25.1,48,2025-07-30 06:32:04
S5,Warehouse,18.0,46,2025-07-21 05:00:33
S3,Greenhouse,19.8,51,2025-07-21 17:35:05
S3,Lab1,24.4,56,2025-08-01 16:11:05
S4,Lab2,24.5,41,2025-07-17 19:37:46
S5,Lab3,26.1,69,2025-07-31 23:17:09
S1,Greenhouse,18.1,57,2025-07-18 16:50:21
S5,Greenhouse,24.0,31,2025-07-24 12:27:11
S1,Greenhouse,27.5,65,2025-07-24 11:12:09
S2,Warehouse,19.4,42,2025-07-19 00:43:02
S3,Greenhouse,25.2,44,2025-07-19 06:02:25
S1,Lab1,30.0,58,2025-07-18 18:40:31
S1,Greenhouse,21.8,46,2025-07-19 08:12:39
S3,Greenhouse,20.7,67,2025-07-19 01:39:09
S3,Lab3,26.2,70,2025-07-29 01:28:39
S3,Lab1,29.8,50,2025-07-20 15:30:32
S1,Lab2,25.1,66,2025-07-25 10:33:56
S5,Greenhouse,23.0,41,2025-07-23 22:05:11
S2,Lab3,23.1,34,2025-07-22 23:14:59
S4,Lab2,19.7,65,2025-07-27 20:46:34
S4,Lab3,27.3,37,2025-07-23 20:31:28
S1,Warehouse,24.1,55,2025-07-20 02:37:51
S2,Lab3,28.8,59,2025-07-24 01:04:20
S5,Lab1,26.5,59,2025-07-24 04:45:54
S2,Lab3,22.2,61,2025-08-01 06:52:09
S3,Greenhouse,19.1,69,2025-07-28 01:43:05
S1,Lab2,21.0,48,2025-07-31 12:42:50
S3,Warehouse,28.4,48,2025-07-22 19:35:10
S5,Lab3,21.6,42,2025-07-28 04:56:37
S4,Greenhouse,23.9,70,2025-07-18 04:43:56
S1,Lab2,28.7,31,2025-07-20 01:39:55
S1,Greenhouse,20.9,37,2025-07-21 22:59:52
S5,Greenhouse,29.7,50,2025-07-31 03:02:45
S5,Warehouse,23.3,52,2025-07-31 04:33:11
S5,Lab1,21.7,62,2025-07-31 09:55:37
S3,Lab3,18.1,43,2025-07-25 10:28:49
S5,Lab3,29.6,42,2025-07-17 19:49:29
S3,Lab3,20.2,36,2025-07-30 15:27:47
S2,Lab2,26.0,36,2025-07-18 11:30:15
S3,Lab3,25.3,36,2025-07-26 23:35:30
S2,Lab2,18.7,59,2025-07-27 21:12:34
S3,Lab1,20.8,51,2025-07-24 14:43:37
S3,Warehouse,24.1,38,2025-07-29 20:03:45
S1,Greenhouse,27.1,38,2025-07-30 14:21:29
S5,Lab2,27.4,62,2025-07-31 03:12:42
S1,Lab2,26.3,51,2025-08-01 14:39:26
S1,Warehouse,21.3,67,2025-07-29 18:44:04
S2,Lab3,20.9,48,2025-07-31 10:26:56
S2,Lab1,21.6,51,2025-07-28 00:34:54
S5,Warehouse,28.6,51,2025-07-23 14:51:26
S2,Warehouse,25.4,48,2025-07-22 19:13:35
S2,Lab1,27.1,35,2025-07-28 01:20:56
S1,Lab1,28.1,41,2025-07-19 11:08:02
S1,Lab3,25.4,59,2025-07-22 03:48:41
S3,Lab1,25.3,51,2025-07-26 08:51:58
S5,Lab1,18.7,67,2025-07-28 10:46:35
S1,Lab3,21.2,59,2025-07-29 06:36:11
S3,Lab3,27.6,31,2025-07-24 12:31:49
S1,Greenhouse,20.9,66,2025-07-31 09:18:38
S4,Lab1,18.6,32,2025-07-23 00:58:12
S3,Lab2,29.4,69,2025-07-19 00:56:14
S1,Lab3,27.9,53,2025-07-21 15:14:18
S4,Lab2,19.7,52,2025-07-26 02:00:57
S3,Warehouse,22.8,69,2025-07-25 23:45:41
S3,Lab1,24.5,41,2025-07-25 10:04:25
S5,Lab2,29.3,41,2025-07-24 16:26:48
S1,Lab1,27.5,59,2025-07-30 07:44:39
S2,Lab3,25.8,68,2025-07-29 10:21:50
S3,Lab1,18.7,57,2025-07-23 03:56:46
S1,Warehouse,18.6,58,2025-07-30 18:26:40
S1,Lab2,21.8,46,2025-07-19 20:46:42
S5,Warehouse,24.5,51,2025-07-20 08:22:18
S2,Lab1,28.1,33,2025-07-20 20:18:47
S5,Lab1,28.6,56,2025-07-27 05:32:36
S3,Greenhouse,27.5,57,2025-07-26 19:59:46
S4,Lab2,29.0,64,2025-07-30 12:10:03
S3,Lab1,22.2,49,2025-07-26 03:34:44
S4,Lab3,26.6,51,2025-07-22 22:18:54
S2,Lab2,18.9,31,2025-07-22 21:58:20
S2,Lab1,24.9,67,2025-08-01 07:35:02
S5,Lab3,19.9,33,2025-07-22 18:08:51
S1,Warehouse,18.6,70,2025-07-20 05:56:35
S2,Warehouse,23.4,55,2025-07-23 18:34:49
S5,Warehouse,27.4,51,2025-07-22 09:10:31
S1,Lab1,27.2,57,2025-07-28 11:54:22
S4,Lab3,26.7,38,2025-07-25 10:58:23
S2,Lab2,20.6,62,2025-07-24 08:52:37
S5,Greenhouse,22.8,69,2025-07-22 03:22:58
S5,Lab1,25.2,66,2025-07-18 14:33:33
S1,Lab1,23.8,43,2025-07-19 08:39:12
S5,Lab1,20.1,70,2025-07-20 22:08:26
S3,Lab2,20.3,48,2025-07-29 20:42:25
S4,Lab1,28.0,36,2025-07-27 09:26:44
S5,Greenhouse,26.3,43,2025-07-26 06:15:53
S2,Lab2,28.7,38,2025-07-20 12:02:45
S3,Greenhouse,22.1,45,2025-07-25 16:50:54
S4,Lab3,26.7,48,2025-07-26 17:01:17
S4,Lab1,18.3,59,2025-07-21 13:16:15
S2,Warehouse,29.3,37,2025-07-24 03:54:10
S1,Lab3,27.0,70,2025-07-31 18:13:45
S5,Warehouse,28.6,61,2025-07-21 23:39:54
S5,Lab2,27.4,43,2025-07-21 03:34:42
S3,Lab3,27.2,47,2025-07-18 10:40:19
S3,Lab1,23.0,51,2025-07-18 06:20:40
S1,Lab3,22.1,68,2025-08-01 01:01:29
S2,Lab1,25.6,47,2025-07-29 23:57:13
S3,Warehouse,26.3,32,2025-08-01 11:18:22
S1,Greenhouse,23.4,69,2025-07-23 19:05:40
S2,Warehouse,26.7,42,2025-07-28 10:39:29
S1,Lab2,25.1,70,2025-07-27 21:08:20
S3,Greenhouse,26.0,64,2025-07-27 11:35:34
S3,Lab3,19.6,48,2025-08-01 15:41:08
S4,Lab1,25.5,47,2025-07-31 04:08:32
S4,Lab1,28.2,43,2025-08-01 02:52:06
S2,Lab2,21.6,62,2025-07-30 05:34:40
S3,Lab1,28.9,45,2025-08-01 03:26:03
S3,Lab3,20.2,45,2025-07-20 23:41:41
S3,Warehouse,26.2,38,2025-07-23 00:46:10
S3,Lab2,20.1,31,2025-07-18 08:23:21
S4,Lab1,29.3,63,2025-07-31 20:07:03
S4,Greenhouse,18.7,66,2025-07-19 21:12:24
S2,Lab2,21.1,30,2025-07-27 09:52:52
S5,Lab1,28.3,69,2025-07-20 15:22:30
S4,Greenhouse,27.8,51,2025-07-29 01:27:13
S3,Lab2,25.6,45,2025-07-30 02:44:20
S4,Lab2,18.5,53,2025-07-29 08:53:00
S1,Lab3,19.1,36,2025-07-22 15:17:08
S5,Lab2,26.9,34,2025-07-29 12:46:47
S3,Lab2,23.8,40,2025-07-24 04:30:08
S3,Warehouse,28.5,39,2025-07-26 14:51:58
S3,Lab1,18.8,42,2025-07-31 18:20:40
S5,Lab1,26.1,34,2025-07-27 00:09:46
S4,Greenhouse,27.8,46,2025-07-30 04:06:04
S4,Lab2,29.2,51,2025-07-22 10:51:21
S1,Lab3,22.8,68,2025-07-31 08:49:50
S1,Lab1,19.5,36,2025-07-26 02:25:32
S5,Lab1,25.9,49,2025-07-24 03:05:54
S2,Greenhouse,22.7,43,2025-07-19 09:39:55
S4,Lab2,28.6,48,2025-07-29 00:16:44
S4,Warehouse,28.1,50,2025-07-22 18:05:19
S1,Lab3,25.0,63,2025-07-30 09:13:42
S5,Lab1,23.6,43,2025-07-19 11:00:43
S1,Greenhouse,21.0,39,2025-07-24 06:23:48
S1,Greenhouse,21.6,63,2025-07-27 04:00:22
S2,Warehouse,29.1,65,2025-07-31 19:59:05
S5,Lab3,22.9,56,2025-07-21 04:07:46
S1,Lab1,20.4,67,2025-07-25 21:28:53
S1,Lab2,23.4,45,2025-07-21 20:27:51
S1,Warehouse,24.5,58,2025-07-23 18:02:00
S2,Lab3,27.8,32,2025-07-31 10:52:07
S2,Greenhouse,27.8,39,2025-07-23 02:12:27
S3,Lab1,26.4,59,2025-07-20 23:03:46
S3,Greenhouse,29.6,61,2025-07-18 04:41:48
S2,Warehouse,19.3,56,2025-07-21 05:12:34
S5,Warehouse,27.5,54,2025-07-26 07:38:49
S4,Lab3,26.6,31,2025-07-24 04:45:37
S3,Lab3,29.8,65,2025-07-21 01:23:18
S5,Lab2,28.8,51,2025-07-31 14:16:29
S4,Greenhouse,26.7,34,2025-07-18 15:04:55
S2,Lab2,18.3,43,2025-07-31 13:22:49
S5,Warehouse,29.2,62,2025-07-18 14:10:04
S4,Greenhouse,29.1,40,2025-07-17 22:21:15
S1,Lab3,24.6,40,2025-07-17 18:38:29
S2,Warehouse,26.2,68,2025-07-27 18:24:32
S5,Greenhouse,26.4,40,2025-07-20 07:24:06
S2,Lab1,25.1,54,2025-07-18 22:19:50
S4,Warehouse,29.6,57,2025-07-26 21:49:31
S2,Lab1,21.8,38,2025-07-30 01:35:51
S2,Lab2,20.3,64,2025-07-20 03:54:49
S2,Lab3,29.8,39,2025-07-31 22:21:43
S3,Lab1,29.6,44,2025-07-18 18:25:34
S3,Warehouse,23.4,61,2025-07-28 05:19:43
S3,Lab2,27.1,54,2025-07-24 18:19:34
S2,Warehouse,26.9,53,2025-07-22 06:51:10
S3,Greenhouse,20.8,56,2025-07-24 20:05:35
S3,Greenhouse,29.9,62,2025-07-18 05:44:55
S4,Warehouse,19.3,65,2025-07-24 15:19:18
S1,Warehouse,29.3,70,2025-07-28 05:43:24
S4,Greenhouse,24.9,49,2025-07-25 12:43:35
S3,Warehouse,26.3,48,2025-07-22 04:01:24
S1,Lab3,27.9,33,2025-07-28 00:16:04
S4,Warehouse,26.3,55,2025-07-30 10:34:06
S4,Lab2,18.7,35,2025-07-23 18:30:15
S3,Lab2,26.4,56,2025-07-20 13:03:34
S3,Greenhouse,19.4,40,2025-07-28 22:23:24
S1,Lab3,29.7,38,2025-07-26 01:41:41
S1,Warehouse,25.2,48,2025-07-19 15:18:52
S5,Lab3,23.1,32,2025-08-01 05:29:39
S1,Lab1,26.9,42,2025-07-31 08:51:15
S3,Lab2,23.9,30,2025-07-18 05:50:05
S3,Lab2,30.0,37,2025-07-18 02:33:30
S1,Lab2,26.7,64,2025-07-24 14:22:23
S5,Greenhouse,23.9,54,2025-07-29 16:25:18
S3,Lab2,24.4,66,2025-07-31 13:20:42
S2,Warehouse,18.6,36,2025-07-22 14:25:04
S2,Lab1,25.5,47,2025-07-31 02:07:40
S3,Lab3,26.3,51,2025-07-22 02:19:17
S5,Lab2,23.2,32,2025-07-20 18:28:05
S5,Lab2,28.9,38,2025-07-25 09:07:40
S3,Warehouse,27.5,63,2025-07-23 11:31:59
S4,Lab1,25.6,52,2025-07-26 00:14:40
S5,Lab1,29.8,38,2025-07-21 07:41:34
S2,Warehouse,23.6,56,2025-07-21 15:13:41
S4,Lab1,25.1,36,2025-07-21 10:29:09
S5,Lab3,27.7,32,2025-07-23 04:58:07
S5,Lab2,25.4,68,2025-07-25 15:44:46
S5,Warehouse,19.6,70,2025-07-29 07:45:54
S1,Warehouse,26.4,37,2025-07-24 02:53:38
S5,Warehouse,23.4,46,2025-07-23 07:06:12
S4,Lab2,23.2,54,2025-07-25 12:56:19
S2,Lab3,18.4,49,2025-07-18 22:26:52
S4,Greenhouse,27.0,45,2025-07-30 08:36:37
S3,Lab2,22.1,43,2025-07-20 19:32:43
S5,Lab3,29.0,62,2025-07-20 04:47:51
S4,Warehouse,18.6,46,2025-07-24 15:31:15
S5,Lab2,23.6,30,2025-07-20 18:34:28
S2,Warehouse,29.4,65,2025-07-23 13:47:41
S3,Lab1,25.2,32,2025-07-17 19:08:12
S5,Warehouse,25.5,45,2025-07-25 23:42:41
S3,Warehouse,23.5,68,2025-07-22 22:51:39
S3,Lab3,22.2,34,2025-07-22 21:10:47
S3,Warehouse,23.3,49,2025-07-20 17:46:08
S4,Warehouse,20.3,69,2025-07-24 17:20:36
S2,Lab3,19.7,37,2025-07-30 14:16:43
S3,Lab3,24.0,51,2025-07-19 14:25:51
S4,Greenhouse,18.6,55,2025-07-20 15:07:26
S2,Lab2,28.3,61,2025-07-23 07:41:02
S3,Lab3,21.4,37,2025-07-18 22:47:16
S3,Lab2,20.7,38,2025-07-28 08:24:43
S1,Greenhouse,24.3,37,2025-07-20 12:59:29
S3,Lab1,22.0,47,2025-07-22 21:06:46
S5,Lab1,18.2,39,2025-07-28 08:13:32
S4,Lab1,23.7,51,2025-07-31 07:03:16
S3,Warehouse,25.9,43,2025-08-01 16:52:24
S5,Lab3,28.6,46,2025-07-19 04:57:59
S2,Lab1,26.8,31,2025-07-17 18:08:42
S3,Lab2,19.6,49,2025-07-31 18:22:21
S5,Lab1,29.4,38,2025-07-18 20:41:46
S3,Lab2,22.6,59,2025-07-31 19:36:08
S5,Lab3,24.7,53,2025-07-20 15:16:23
S5,Lab1,21.3,69,2025-07-29 00:40:50
S4,Lab3,19.2,67,2025-07-28 15:54:01
S3,Greenhouse,29.6,46,2025-07-31 03:27:04
S1,Warehouse,28.2,54,2025-07-29 16:44:00
S1,Lab3,23.9,64,2025-07-20 21:16:44
S1,Greenhouse,21.6,56,2025-07-30 06:59:35
S4,Lab3,21.0,67,2025-07-29 20:15:27
S4,Lab2,23.4,50,2025-07-20 17:17:10
S4,Lab3,25.4,66,2025-07-30 15:37:37
S3,Lab3,28.3,43,2025-07-28 21:31:05
S1,Lab2,29.5,63,2025-07-22 06:12:34
S1,Lab2,28.7,47,2025-07-31 17:48:13
S3,Lab3,27.6,46,2025-07-26 01:07:50
S5,Greenhouse,18.0,47,2025-07-30 12:45:42
S1,Greenhouse,29.4,45,2025-07-29 18:06:43
S5,Greenhouse,20.5,43,2025-07-26 05:11:07
S3,Warehouse,24.8,40,2025-07-31 18:40:25
S2,Lab1,23.3,51,2025-07-18 20:28:25
S3,Greenhouse,24.4,38,2025-07-24 03:56:07
S2,Lab2,21.1,45,2025-07-18 21:00:47
S3,Lab2,27.4,66,2025-07-19 12:12:16
S1,Warehouse,23.5,70,2025-07-17 19:25:56
S1,Greenhouse,26.2,49,2025-07-22 09:52:08
S1,Greenhouse,28.2,55,2025-07-27 16:13:29
S5,Lab3,27.8,56,2025-08-01 13:22:03
S4,Greenhouse,22.0,30,2025-07-28 20:32:04
S4,Warehouse,29.9,52,2025-07-31 02:18:33
S3,Warehouse,18.6,67,2025-07-29 11:53:02
S3,Lab1,20.9,64,2025-07-21 03:49:17
S5,Warehouse,19.5,55,2025-07-20 08:23:51
S5,Lab3,27.2,63,2025-08-01 07:23:32
S5,Lab3,23.5,70,2025-07-22 23:55:23
S4,Lab1,18.2,66,2025-07-22 09:58:28
S1,Lab2,21.1,36,2025-07-26 02:44:13
S2,Lab1,22.6,54,2025-07-24 16:05:53
S2,Lab1,19.9,53,2025-07-29 10:36:33
S1,Lab2,22.0,33,2025-07-27 19:53:42
S4,Greenhouse,27.8,42,2025-07-25 20:55:18
S2,Lab2,29.2,68,2025-07-27 13:24:51
S3,Greenhouse,19.1,61,2025-07-30 00:39:45
S3,Warehouse,29.8,37,2025-07-18 11:07:13
S1,Warehouse,28.8,69,2025-07-27 15:34:30
S3,Lab1,28.0,30,2025-07-26 06:13:08
S3,Warehouse,24.9,40,2025-07-20 23:11:22
S5,Warehouse,21.0,68,2025-07-31 04:12:34
S1,Lab1,22.9,35,2025-07-23 16:14:06
S5,Warehouse,20.4,60,2025-07-29 00:52:21
S4,Greenhouse,21.7,34,2025-07-24 06:50:17
S4,Greenhouse,26.2,61,2025-07-28 03:46:11
S5,Lab2,21.8,47,2025-07-29 04:42:06
S3,Lab2,27.7,41,2025-08-01 05:21:21
S3,Warehouse,25.2,63,2025-07-29 14:49:59
S5,Lab1,19.8,49,2025-07-31 16:18:30
S1,Warehouse,29.0,58,2025-07-31 18:35:40
S5,Lab3,22.4,32,2025-07-20 15:42:22
S3,Warehouse,28.2,58,2025-08-01 00:44:01
S5,Lab2,27.6,37,2025-07-24 01:09:58
S1,Warehouse,18.2,69,2025-07-24 22:17:48
S2,Lab2,25.0,46,2025-07-18 03:56:29
S2,Warehouse,25.0,62,2025-07-26 21:57:56
S3,Warehouse,19.7,30,2025-07-19 21:37:34
S5,Lab1,28.2,58,2025-07-24 11:46:18
S5,Lab2,26.6,41,2025-07-25 06:45:03
S4,Lab1,25.8,50,2025-07-31 01:17:51
S1,Lab2,28.4,51,2025-07-17 20:12:07
S2,Lab1,27.8,39,2025-07-21 18:08:46
S1,Lab1,18.2,39,2025-07-30 03:42:16
S1,Lab2,29.0,47,2025-07-20 00:50:11
S4,Lab3,21.5,33,2025-07-29 23:18:50
S2,Warehouse,20.7,63,2025-07-25 05:03:31
S4,Greenhouse,23.1,68,2025-07-25 11:31:11
S1,Warehouse,27.6,68,2025-07-31 02:34:33
S4,Lab1,29.1,68,2025-07-26 12:26:41
S2,Greenhouse,20.9,30,2025-07-23 08:22:51
S3,Warehouse,28.2,65,2025-07-27 08:15:03
S2,Greenhouse,19.9,54,2025-07-22 05:40:13
S4,Lab1,29.7,53,2025-07-22 21:54:18
S1,Lab3,18.1,67,2025-07-23 06:44:54
S1,Greenhouse,18.4,60,2025-07-26 23:46:00
S5,Lab2,24.2,56,2025-07-27 23:25:06
S4,Warehouse,18.7,57,2025-07-21 21:30:26
S2,Lab3,18.7,56,2025-07-20 05:37:18
S2,Warehouse,21.0,65,2025-07-31 22:58:06
S2,Lab2,24.2,35,2025-07-20 07:09:41
S4,Lab1,25.8,42,2025-07-30 18:30:29
S4,Warehouse,25.3,69,2025-07-20 18:39:08
S5,Greenhouse,24.9,57,2025-07-22 16:44:59
S3,Warehouse,27.9,54,2025-07-23 08:04:10
S3,Lab2,23.8,56,2025-07-29 19:11:49
S2,Lab2,21.8,52,2025-07-18 13:54:00
S1,Greenhouse,18.1,34,2025-07-29 16:28:59
S5,Warehouse,26.4,39,2025-07-24 00:20:08
S1,Lab1,20.5,68,2025-07-27 04:27:26
S5,Lab2,26.5,32,2025-07-25 14:20:25
S1,Lab2,26.4,62,2025-07-18 18:27:59
S1,Warehouse,25.1,36,2025-07-18 14:09:22
S4,Greenhouse,23.5,45,2025-07-23 17:26:08
S5,Lab2,26.3,67,2025-07-23 21:12:30
S2,Warehouse,22.4,60,2025-07-28 23:43:15
S4,Warehouse,24.9,50,2025-07-19 14:58:14
S1,Warehouse,23.0,63,2025-07-25 08:41:26
S3,Lab2,21.7,33,2025-07-29 06:31:21
S1,Greenhouse,25.3,54,2025-07-18 07:07:43
S2,Warehouse,25.4,43,2025-07-24 22:13:09
S3,Greenhouse,22.4,47,2025-07-22 02:59:15
S5,Warehouse,25.9,41,2025-07-19 17:16:07
S2,Warehouse,20.5,30,2025-07-22 17:48:27
S2,Greenhouse,25.3,46,2025-07-31 05:43:16
S2,Greenhouse,21.0,66,2025-07-18 16:36:49
S1,Lab3,28.3,38,2025-07-31 09:26:41
S2,Warehouse,24.1,44,2025-07-28 01:18:02
S1,Greenhouse,24.1,40,2025-07-30 05:02:00
S1,Lab1,22.7,60,2025-07-24 15:06:59
S5,Greenhouse,22.2,40,2025-07-24 10:10:48
S5,Lab2,27.9,69,2025-07-24 18:40:33
S4,Lab2,29.6,52,2025-07-18 23:40:14
S1,Warehouse,22.4,52,2025-07-23 23:43:03
S4,Lab3,28.4,64,2025-07-22 07:57:26
S4,Lab1,28.8,36,2025-07-21 08:37:12
S3,Greenhouse,25.5,60,2025-07-24 15:46:20
S3,Lab3,18.3,48,2025-07-20 01:09:17
S4,Lab1,26.1,40,2025-07-22 19:23:51
S1,Lab3,24.1,54,2025-07-20 15:02:27
S5,Lab1,29.0,36,2025-07-23 23:04:40
S4,Lab1,23.0,56,2025-07-20 16:56:28
S3,Lab1,29.4,70,2025-07-29 21:49:56
S1,Lab3,25.5,45,2025-07-21 10:20:57
S1,Lab2,18.2,58,2025-07-23 14:27:11
S4,Warehouse,26.7,47,2025-07-30 07:21:03
S3,Lab1,29.1,60,2025-07-27 09:08:43
S2,Lab3,26.5,48,2025-07-26 08:34:20
S5,Greenhouse,29.0,64,2025-07-26 09:37:49
S1,Warehouse,26.0,37,2025-08-01 05:37:06
S2,Warehouse,26.3,45,2025-07-31 00:12:39
S1,Warehouse,26.5,64,2025-07-24 00:51:39
S1,Lab2,21.4,48,2025-07-22 16:22:34
S4,Lab3,24.4,41,2025-08-01 12:35:32
S1,Lab1,19.1,54,2025-07-18 20:46:33
S4,Lab1,30.0,45,2025-07-29 23:11:04
S3,Lab3,21.2,59,2025-07-20 20:43:56
S4,Lab1,28.6,60,2025-07-19 09:29:17
S5,Lab2,28.5,59,2025-07-29 05:50:13
S2,Lab2,21.2,67,2025-07-20 13:51:41
S3,Lab2,20.0,44,2025-07-24 00:18:20
S5,Warehouse,20.3,49,2025-07-20 05:06:01
S5,Lab3,21.0,34,2025-07-30 01:59:47
S4,Warehouse,19.4,33,2025-07-19 16:35:45
S2,Greenhouse,26.6,50,2025-07-30 16:51:42
S3,Lab3,28.4,43,2025-07-26 20:37:52
S4,Greenhouse,23.2,39,2025-07-19 00:59:19
S4,Lab3,28.0,70,2025-07-28 04:07:28
S3,Lab2,29.8,64,2025-07-20 14:32:39
S1,Lab2,20.1,61,2025-07-31 04:44:08
S2,Lab2,25.1,62,2025-07-18 18:31:49
S5,Lab2,28.4,39,2025-07-18 16:56:38
S2,Lab3,26.6,70,2025-07-31 13:56:10
S5,Greenhouse,25.7,52,2025-07-30 22:56:52
S2,Greenhouse,22.2,49,2025-07-28 23:34:44
S1,Lab2,20.8,63,2025-07-21 13:39:50
S1,Lab1,23.2,37,2025-07-19 02:16:38
S3,Lab2,20.3,31,2025-07-28 21:07:41
S1,Lab1,20.8,38,2025-08-01 00:03:19
S1,Greenhouse,18.8,64,2025-07-25 20:15:43
S4,Lab3,26.0,64,2025-07-22 22:26:15
S1,Lab2,26.0,34,2025-07-30 20:43:37
S2,Greenhouse,27.4,67,2025-07-20 16:07:23
S1,Lab3,20.5,51,2025-07-29 23:14:03
S2,Lab2,19.3,32,2025-07-29 07:03:43
S3,Lab1,22.9,40,2025-07-21 14:32:11
S1,Greenhouse,29.2,47,2025-07-18 00:23:02
S2,Warehouse,25.0,69,2025-07-20 20:43:30
S2,Lab1,24.2,57,2025-07-20 05:07:14
S2,Lab2,24.7,43,2025-07-29 12:33:45
S4,Greenhouse,20.1,70,2025-07-19 13:09:02
S1,Warehouse,19.6,44,2025-07-30 13:15:55
S5,Warehouse,24.4,31,2025-07-31 19:39:03
S1,Lab3,19.4,51,2025-07-25 22:07:30
S2,Lab3,29.0,37,2025-07-30 05:58:23
S4,Warehouse,22.6,67,2025-07-28 22:33:05
S4,Lab2,20.0,46,2025-07-30 12:09:12
S2,Lab1,28.9,47,2025-07-27 13:14:49
S2,Lab3,26.7,65,2025-07-31 14:27:17
S2,Warehouse,22.7,62,2025-07-28 08:16:49
S2,Lab1,27.2,63,2025-07-29 09:52:10
S4,Greenhouse,27.1,36,2025-07-23 20:37:51
S1,Lab3,20.3,55,2025-07-27 17:45:36
S2,Greenhouse,25.3,30,2025-07-24 09:58:36
S5,Lab1,21.8,68,2025-07-19 01:37:21
S1,Lab2,23.8,63,2025-07-22 07:23:29
S1,Greenhouse,29.6,34,2025-07-29 00:42:24
S2,Warehouse,27.1,49,2025-07-19 19:16:58
S1,Warehouse,29.2,70,2025-07-30 05:38:41
S5,Greenhouse,25.3,45,2025-07-18 23:19:47
S2,Lab2,28.8,69,2025-07-22 15:34:57
S2,Lab3,19.6,60,2025-07-20 19:05:28
S3,Lab2,21.0,69,2025-07-20 04:20:30
S4,Lab3,27.8,64,2025-07-29 00:58:52
S3,Lab2,29.1,42,2025-07-22 23:53:36
S4,Lab2,22.2,36,2025-07-24 18:24:16
S5,Greenhouse,27.9,35,2025-07-28 06:21:44
S4,Greenhouse,20.8,65,2025-07-27 19:57:39
S5,Warehouse,20.3,49,2025-07-19 17:46:01
S3,Greenhouse,23.3,67,2025-07-29 12:09:03
S5,Lab3,18.3,63,2025-07-28 22:39:49
S5,Warehouse,25.1,42,2025-07-24 14:07:10
S5,Lab3,24.7,43,2025-07-26 10:36:05
S2,Lab1,20.6,59,2025-07-22 02:13:49
S1,Lab3,26.0,39,2025-07-22 12:03:08
S4,Lab3,20.4,44,2025-07-21 13:36:06
S4,Lab1,19.0,70,2025-07-24 04:24:19
S2,Warehouse,22.2,58,2025-07-30 08:04:07
S3,Lab2,18.0,38,2025-07-19 10:08:03
S2,Lab3,18.2,50,2025-07-27 07:27:29
S2,Warehouse,18.3,64,2025-07-28 04:47:52
S1,Lab1,24.5,44,2025-07-25 02:49:50
S1,Greenhouse,19.4,59,2025-07-17 18:46:19
S3,Greenhouse,20.4,50,2025-07-26 15:56:05
S2,Warehouse,26.2,45,2025-07-27 10:22:16
S4,Lab1,19.9,44,2025-07-27 11:41:10
S5,Lab1,19.3,66,2025-07-25 01:28:58
S2,Lab1,20.7,63,2025-07-18 11:54:22
S5,Warehouse,22.8,61,2025-07-19 02:19:44
S3,Greenhouse,27.6,49,2025-07-23 19:03:40
S4,Greenhouse,26.0,56,2025-07-20 20:58:03
S3,Warehouse,28.6,30,2025-07-31 02:24:59
S2,Lab3,24.0,33,2025-07-19 23:22:39
S2,Greenhouse,18.4,65,2025-07-28 23:02:48
S5,Warehouse,28.6,64,2025-07-23 13:29:57
S2,Warehouse,21.2,55,2025-07-20 10:23:08
S3,Lab3,27.3,46,2025-07-24 16:08:48
S4,Warehouse,23.8,34,2025-07-28 01:12:58
S2,Lab2,26.8,47,2025-07-27 10:27:11
S2,Greenhouse,18.3,46,2025-07-20 19:24:05
S4,Lab3,19.2,34,2025-07-28 08:01:03
S2,Lab3,24.6,46,2025-07-26 16:00:35
S4,Lab2,18.7,55,2025-07-28 05:59:26
S1,Lab3,27.0,56,2025-08-01 07:34:44
S4,Lab2,18.6,45,2025-07-21 14:50:55
S4,Lab3,24.3,41,2025-07-26 22:01:07
S3,Lab3,26.9,69,2025-07-27 16:36:15
S2,Warehouse,29.2,53,2025-07-20 18:56:31
S5,Greenhouse,23.3,69,2025-07-23 14:58:09
S1,Greenhouse,25.0,44,2025-07-21 00:31:48
S4,Warehouse,26.1,42,2025-07-26 22:52:12
S2,Lab3,21.1,52,2025-07-26 12:26:39
S2,Lab2,27.6,46,2025-07-24 10:47:23
S3,Lab3,22.3,68,2025-07-22 22:40:55
S3,Lab1,28.3,36,2025-07-30 22:15:36
S5,Lab1,24.2,69,2025-07-18 04:55:26
S2,Lab3,19.8,34,2025-08-01 16:11:34
S2,Greenhouse,21.9,64,2025-07-28 00:20:04
S3,Lab2,25.5,51,2025-07-23 19:11:43
S4,Lab2,28.9,54,2025-07-25 21:28:23
S5,Lab2,28.7,33,2025-07-25 02:42:00
S4,Warehouse,18.3,54,2025-07-19 15:08:40
S2,Lab3,20.6,64,2025-07-29 22:24:21
S3,Lab3,22.0,50,2025-07-20 07:02:52
S5,Greenhouse,29.9,44,2025-07-24 13:58:43
S2,Lab3,18.1,61,2025-08-01 11:49:47
S4,Lab2,23.8,67,2025-07-30 08:40:25
S4,Warehouse,23.4,49,2025-07-21 06:02:25
S3,Lab1,29.0,68,2025-07-29 18:28:02
S4,Lab3,28.5,66,2025-07-19 04:55:18
S4,Warehouse,23.0,57,2025-07-27 13:32:23
S3,Greenhouse,26.2,32,2025-07-26 22:02:16
S1,Lab1,25.7,60,2025-08-01 01:29:06
S5,Greenhouse,23.2,31,2025-07-22 01:22:58
S3,Warehouse,21.0,33,2025-07-18 21:31:08
S3,Lab3,30.0,37,2025-07-18 15:21:38
S5,Lab1,29.8,42,2025-07-23 02:23:34
S1,Lab2,18.6,58,2025-07-27 18:31:17
S1,Warehouse,21.2,63,2025-07-26 16:23:03
S5,Warehouse,29.6,62,2025-07-30 19:18:24
S2,Greenhouse,21.2,63,2025-07-25 00:47:07
S3,Greenhouse,22.7,52,2025-07-30 15:51:11
S5,Lab2,23.9,59,2025-07-21 15:58:29
S1,Lab3,28.8,42,2025-07-18 21:28:33
S4,Warehouse,18.4,31,2025-07-18 06:56:44
S3,Lab3,29.1,40,2025-07-22 18:09:29
S2,Warehouse,18.5,63,2025-08-01 09:02:36
S4,Lab2,20.0,50,2025-07-19 23:56:41
S1,Greenhouse,19.0,32,2025-07-28 00:04:06
S3,Greenhouse,19.4,45,2025-07-23 02:46:48
S3,Lab1,21.3,70,2025-07-19 10:18:50
S1,Warehouse,27.9,49,2025-07-23 04:11:58
S5,Lab3,21.4,54,2025-07-19 13:53:22
S5,Lab2,27.1,65,2025-07-21 11:42:59
S5,Lab3,30.0,47,2025-07-20 06:52:15
S3,Warehouse,27.4,35,2025-07-28 19:02:11
S3,Lab1,23.5,60,2025-07-31 03:52:26
S1,Warehouse,18.7,33,2025-07-30 13:17:51
S5,Lab3,25.9,30,2025-07-31 13:04:56
S1,Warehouse,22.8,35,2025-07-29 21:13:31
S2,Lab2,23.6,52,2025-07-25 22:50:53
S5,Warehouse,26.7,70,2025-07-28 02:11:00
S2,Greenhouse,22.8,62,2025-07-27 13:38:55
S1,Warehouse,21.7,70,2025-07-24 12:51:45
S4,Warehouse,20.3,56,2025-07-25 04:01:06
S5,Greenhouse,22.5,67,2025-07-24 21:25:23
S5,Greenhouse,26.0,63,2025-07-24 05:02:53
S5,Lab1,26.4,30,2025-07-22 12:13:40
S3,Lab2,18.2,63,2025-07-19 16:15:47
S5,Lab1,25.4,41,2025-07-30 00:28:14
S1,Lab1,19.2,37,2025-07-21 03:26:52
S3,Greenhouse,28.6,41,2025-07-21 23:30:19
S5,Lab3,19.6,57,2025-07-24 10:27:07
S3,Lab1,29.1,52,2025-07-22 08:13:40
S2,Warehouse,19.2,56,2025-07-22 06:04:11
S2,Warehouse,24.7,67,2025-08-01 00:25:39
S4,Greenhouse,29.8,49,2025-07-23 07:32:01
S4,Greenhouse,20.5,34,2025-07-21 03:34:10
S1,Warehouse,24.7,65,2025-07-25 14:08:26
S3,Lab2,18.8,68,2025-07-26 13:46:13
S3,Lab1,20.1,34,2025-07-25 20:17:03
S5,Lab3,28.6,50,2025-07-29 06:49:34
S3,Greenhouse,26.6,32,2025-07-22 22:06:17
S4,Greenhouse,25.1,37,2025-07-28 08:29:26
S1,Lab3,21.2,66,2025-07-21 23:55:59
S2,Lab1,19.0,44,2025-08-01 04:32:49
S1,Lab1,20.9,41,2025-07-25 14:16:49
S5,Lab1,28.4,70,2025-07-20 10:22:21
S1,Lab2,23.6,32,2025-07-22 10:26:24
S5,Greenhouse,29.2,42,2025-07-25 16:32:07
S3,Lab1,27.8,41,2025-07-19 15:06:19
S5,Warehouse,24.3,41,2025-07-25 23:48:00
S2,Lab3,21.5,51,2025-07-25 04:07:33
S5,Lab2,18.9,43,2025-07-21 23:56:41
S2,Warehouse,24.8,69,2025-07-20 03:35:18
S4,Lab3,18.5,47,2025-07-18 11:38:45
S2,Lab2,21.3,67,2025-07-31 03:45:42
S5,Lab3,25.8,34,2025-07-22 18:13:12
S1,Lab1,26.9,48,2025-07-29 14:35:44
S2,Lab1,27.1,32,2025-07-27 22:37:58
S1,Warehouse,20.7,36,2025-07-25 02:51:36
S1,Lab2,22.9,42,2025-07-29 10:52:10
S4,Warehouse,26.4,65,2025-07-30 18:49:01
S4,Lab2,19.9,66,2025-07-25 14:28:39
S3,Warehouse,28.8,36,2025-07-28 14:46:05
S5,Warehouse,18.8,60,2025-07-19 01:21:05
S1,Greenhouse,21.5,46,2025-07-20 02:50:55
S3,Warehouse,19.6,31,2025-07-29 02:33:25
S5,Greenhouse,24.8,46,2025-07-23 04:16:57
S4,Lab1,21.3,47,2025-07-27 12:15:49
S1,Lab1,25.5,67,2025-07-24 03:13:14
S1,Lab2,21.4,63,2025-07-31 01:53:35
S4,Warehouse,26.7,44,2025-07-22 04:11:13
S4,Greenhouse,18.1,58,2025-07-26 13:44:43
S5,Lab3,18.8,47,2025-07-17 18:27:12
S1,Warehouse,21.2,47,2025-07-22 11:00:55
S1,Lab3,25.3,44,2025-07-23 13:15:42
S4,Lab1,28.5,60,2025-07-19 14:32:12
S3,Lab1,27.2,57,2025-07-29 12:50:23
S1,Greenhouse,21.2,43,2025-07-22 12:14:04
S3,Lab2,27.8,47,2025-07-21 07:44:30
S1,Lab1,21.2,30,2025-07-24 22:35:21
S5,Warehouse,18.8,54,2025-07-23 10:48:00
S5,Lab1,29.9,70,2025-07-31 09:17:43
S2,Lab2,20.7,39,2025-07-28 05:52:50
S4,Lab1,25.4,39,2025-07-30 05:15:32
S5,Lab3,26.4,57,2025-07-27 17:08:15
S1,Lab2,23.0,70,2025-07-20 00:07:36
S4,Lab2,26.7,42,2025-07-30 23:53:58
S5,Lab2,26.9,61,2025-07-29 04:36:10
S5,Greenhouse,20.4,44,2025-08-01 00:52:24
S1,Lab2,28.5,62,2025-07-31 10:32:40
S4,Lab2,27.6,55,2025-07-23 05:22:52
S2,Lab3,21.3,31,2025-07-19 07:39:48
S3,Lab3,25.0,40,2025-07-28 14:36:31
S2,Lab3,21.7,55,2025-07-24 06:24:14
S2,Lab3,21.0,62,2025-08-01 16:17:56
S5,Warehouse,28.9,66,2025-07-31 09:37:06
S2,Warehouse,23.8,66,2025-07-23 11:01:17
S4,Greenhouse,27.0,68,2025-08-01 00:25:03
S4,Greenhouse,29.7,30,2025-07-29 09:33:41
S3,Greenhouse,18.2,69,2025-07-20 16:33:26
S4,Lab3,26.6,37,2025-07-25 09:04:00
S2,Lab3,20.4,53,2025-07-23 18:12:39
S4,Lab1,21.5,52,2025-07-31 04:47:53
S2,Lab3,27.4,69,2025-08-01 04:10:26
S5,Greenhouse,24.0,32,2025-07-25 07:00:39
S5,Lab2,28.6,68,2025-07-31 12:59:28
S1,Lab3,27.2,57,2025-07-17 21:28:04
S3,Greenhouse,26.3,67,2025-07-23 23:16:47
S1,Lab2,23.6,66,2025-07-23 03:37:25
S5,Lab1,29.8,62,2025-07-27 11:03:31
S2,Lab1,19.4,58,2025-07-23 11:25:39
S3,Lab1,27.5,68,2025-07-25 01:02:05
S1,Lab3,28.3,59,2025-07-20 06:18:29
S5,Lab2,18.4,62,2025-07-18 21:36:13
S2,Lab2,21.1,51,2025-08-01 03:44:30
S5,Warehouse,27.5,45,2025-07-28 02:01:19
S3,Greenhouse,23.9,30,2025-07-25 09:29:38
S4,Lab2,21.7,55,2025-07-21 18:18:25
S3,Lab3,24.6,35,2025-08-01 11:21:36
S2,Lab2,18.7,69,2025-07-31 06:38:41
S2,Greenhouse,25.6,52,2025-07-26 00:08:22
S4,Lab1,23.3,36,2025-07-23 21:35:18
S3,Lab2,26.8,36,2025-07-26 19:21:06
S4,Lab1,29.2,32,2025-07-29 10:08:54
S2,Lab3,19.5,46,2025-07-29 07:01:20
S5,Greenhouse,21.9,52,2025-07-26 04:13:08
S3,Lab3,18.6,52,2025-07-18 21:55:58
S3,Greenhouse,20.5,31,2025-07-23 04:34:44
S1,Lab2,24.5,63,2025-07-20 07:35:15
S5,Lab3,23.2,44,2025-07-31 08:25:33
S2,Warehouse,28.0,45,2025-07-30 15:38:35
S1,Warehouse,26.8,46,2025-07-23 23:24:06
S3,Warehouse,27.3,34,2025-07-24 13:18:37
S5,Lab2,18.0,54,2025-07-28 07:50:13
S2,Lab1,28.4,36,2025-08-01 04:16:16
S2,Lab1,28.7,69,2025-07-19 10:41:41
S4,Lab2,27.3,61,2025-07-26 20:18:55
S4,Greenhouse,29.6,35,2025-07-22 13:31:42
S2,Lab1,27.1,50,2025-07-22 03:48:44
S3,Greenhouse,29.9,48,2025-07-24 03:25:01
S4,Lab2,21.9,60,2025-08-01 15:10:01
S3,Lab2,26.4,33,2025-07-24 10:13:55
S3,Lab3,24.3,35,2025-07-26 19:45:08
S4,Lab1,25.3,58,2025-07-23 01:59:13
S5,Greenhouse,25.9,49,2025-07-24 06:16:37
S1,Greenhouse,22.8,40,2025-07-19 12:32:22
S5,Greenhouse,20.9,34,2025-07-26 05:08:38
S3,Greenhouse,20.8,35,2025-07-22 03:46:05
S5,Greenhouse,25.4,38,2025-07-31 14:58:38
S4,Greenhouse,28.2,35,2025-07-27 21:48:40
S5,Lab1,27.7,46,2025-07-24 09:20:57
S3,Lab2,28.9,43,2025-08-01 12:55:40
S1,Lab3,20.2,47,2025-07-23 03:10:56
S2,Lab3,29.0,60,2025-07-30 11:40:13
S2,Greenhouse,18.3,39,2025-07-19 14:49:18
S2,Lab3,21.5,56,2025-07-23 13:39:11
S4,Warehouse,28.7,33,2025-07-24 00:58:42
S3,Lab1,22.4,36,2025-07-18 03:32:28
S1,Warehouse,30.0,61,2025-07-26 08:42:33
S2,Lab2,22.5,63,2025-07-22 09:44:45
S2,Lab3,23.3,42,2025-07-29 12:37:49
S1,Greenhouse,19.9,46,2025-07-26 06:17:37
S1,Lab2,27.3,37,2025-07-28 14:28:00
S5,Warehouse,29.6,57,2025-07-17 20:34:25
S3,Lab1,21.4,58,2025-07-30 07:31:01
S4,Lab2,23.6,51,2025-07-28 18:55:30
S2,Lab3,24.6,43,2025-08-01 12:26:50
S1,Greenhouse,20.5,30,2025-07-26 05:51:35
S2,Lab1,23.9,42,2025-07-29 15:24:52
S2,Lab2,28.5,68,2025-07-25 00:11:30
S3,Greenhouse,27.4,45,2025-07-30 04:23:38
S4,Lab1,19.1,67,2025-07-23 08:43:14
S5,Lab3,25.2,54,2025-07-30 15:20:50
S3,Lab3,22.6,32,2025-07-24 09:08:33
S1,Lab3,25.6,43,2025-07-28 22:20:36
S1,Lab3,24.3,45,2025-07-21 10:18:13
S3,Lab2,20.5,34,2025-07-28 23:37:06
S4,Lab1,23.4,68,2025-07-18 05:12:30
S3,Lab1,27.4,37,2025-07-25 07:28:43
S2,Warehouse,19.7,37,2025-07-24 03:38:08
S2,Lab1,22.3,64,2025-07-28 04:56:11
S3,Lab3,27.9,49,2025-07-31 06:03:51
S1,Lab1,29.1,64,2025-07-19 00:14:32
S1,Lab1,26.4,46,2025-07-25 16:03:07
S5,Lab3,21.3,48,2025-07-21 19:58:55
S3,Lab3,20.3,34,2025-07-25 17:13:25
S1,Warehouse,23.7,62,2025-07-20 11:01:23
S1,Lab1,27.2,30,2025-07-30 08:59:35
S2,Warehouse,29.8,32,2025-07-27 04:34:03
S4,Lab3,26.1,63,2025-07-20 21:30:41
S3,Lab1,25.1,56,2025-07-30 13:58:56
S3,Warehouse,18.8,36,2025-07-27 21:57:06
S4,Warehouse,29.8,38,2025-08-01 05:17:40
S1,Lab3,19.5,52,2025-07-26 08:10:40
S2,Lab2,19.4,33,2025-07-24 19:02:56
S1,Lab1,25.7,56,2025-07-21 21:28:48
S2,Lab3,29.6,58,2025-07-27 00:37:44
S3,Greenhouse,24.7,31,2025-07-31 10:40:48
S4,Greenhouse,24.2,63,2025-07-31 15:27:47
S1,Greenhouse,20.5,62,2025-07-21 01:10:31
S4,Lab2,18.6,57,2025-07-17 21:43:30
S3,Lab2,25.6,55,2025-07-30 20:05:17
S2,Lab2,23.3,67,2025-07-20 00:46:45
S4,Greenhouse,23.2,70,2025-07-29 22:44:42
S4,Warehouse,23.0,60,2025-07-28 18:25:55
S2,Greenhouse,24.3,33,2025-07-24 15:38:16
S1,Lab3,23.6,36,2025-07-17 19:54:31
S4,Lab3,28.9,54,2025-07-26 21:29:09
S3,Lab1,25.6,45,2025-07-30 11:33:45
S1,Lab3,22.6,65,2025-07-26 10:45:22
S5,Warehouse,24.8,56,2025-07-23 18:52:57
S2,Warehouse,21.2,31,2025-07-23 07:33:48
S1,Lab3,30.0,43,2025-07-20 14:43:30
S1,Lab2,20.9,42,2025-07-27 09:34:23
S1,Lab3,25.5,38,2025-07-24 12:51:55
S1,Warehouse,19.3,69,2025-07-18 13:12:48
S2,Lab3,28.6,65,2025-07-20 22:34:25
S1,Lab1,27.5,64,2025-07-24 06:38:53
S5,Greenhouse,28.1,39,2025-07-26 21:04:45
S4,Lab1,18.9,42,2025-07-21 00:26:59
S2,Lab3,24.9,50,2025-07-21 23:02:26
S4,Lab3,26.4,54,2025-07-22 11:35:00
S2,Lab2,22.2,45,2025-07-30 11:41:48
S2,Greenhouse,20.4,37,2025-07-26 16:58:47
S3,Lab2,18.7,62,2025-07-20 12:22:46
S4,Lab1,27.7,50,2025-07-23 02:45:05
S2,Greenhouse,27.4,38,2025-08-01 13:02:17
S2,Lab1,22.5,36,2025-07-21 11:33:01
S2,Lab1,23.5,51,2025-07-26 19:14:28
S3,Warehouse,29.9,35,2025-07-19 04:37:59
S3,Lab3,24.6,48,2025-07-22 06:58:54
S4,Lab2,23.7,48,2025-07-17 21:35:11
S4,Warehouse,25.7,48,2025-07-27 22:18:45
S1,Lab2,27.0,54,2025-07-20 02:31:01
S1,Lab2,26.5,44,2025-07-25 12:27:31
S4,Warehouse,27.9,43,2025-07-23 01:25:55
S2,Lab2,27.5,57,2025-07-26 03:44:43
S5,Warehouse,23.1,44,2025-07-22 00:41:05
S3,Warehouse,25.3,63,2025-07-18 02:25:50
S2,Greenhouse,24.3,35,2025-07-21 21:13:17
S1,Warehouse,24.2,66,2025-07-22 17:48:49
S4,Greenhouse,18.6,60,2025-07-29 20:05:25
S1,Lab3,26.1,42,2025-07-29 23:09:52
S1,Lab3,29.5,65,2025-07-20 08:51:01
S4,Lab2,27.2,49,2025-07-19 13:38:26
S3,Lab3,20.7,36,2025-07-22 02:54:24
S5,Lab1,28.0,61,2025-07-19 16:33:07
S5,Greenhouse,22.1,69,2025-07-23 16:05:24
S2,Warehouse,21.1,41,2025-07-27 18:02:07
S1,Lab2,21.2,46,2025-07-31 18:45:55
S3,Lab1,29.1,53,2025-07-21 10:48:47
S3,Lab2,21.9,46,2025-07-18 10:34:03
S3,Lab3,29.2,34,2025-07-28 15:46:54
S3,Lab2,24.1,49,2025-07-31 00:20:45
S3,Lab1,18.5,39,2025-07-28 08:07:39
S3,Warehouse,18.7,61,2025-07-26 02:41:15
S4,Lab3,24.8,45,2025-07-28 23:10:32
S1,Lab1,18.5,54,2025-07-31 03:44:44
S3,Greenhouse,19.5,51,2025-07-18 13:52:00
S2,Warehouse,27.0,45,2025-07-24 00:59:44
S4,Greenhouse,22.9,60,2025-07-29 20:39:39
S1,Lab1,18.9,44,2025-07-18 15:31:32
S2,Lab3,26.2,66,2025-07-17 19:45:50
S3,Lab1,22.9,44,2025-08-01 04:06:48
S2,Lab2,30.0,38,2025-08-01 02:40:00
S2,Greenhouse,19.7,53,2025-07-28 19:47:21
S1,Lab3,28.2,55,2025-07-20 07:30:50
S3,Lab3,27.2,60,2025-08-01 17:50:01
S5,Greenhouse,20.9,34,2025-07-25 04:16:30
S1,Warehouse,27.0,54,2025-07-20 22:18:58
S4,Greenhouse,25.8,55,2025-07-21 12:53:19
S5,Greenhouse,19.6,67,2025-07-25 20:16:21
S3,Warehouse,19.4,31,2025-08-01 17:07:02
S3,Lab2,24.0,36,2025-07-24 05:02:56
S1,Lab3,18.1,35,2025-07-23 13:07:05
S1,Greenhouse,25.3,57,2025-07-29 11:23:05
S4,Lab3,22.0,35,2025-07-28 09:57:18
S2,Lab3,24.3,53,2025-07-30 13:13:56
S1,Warehouse,20.6,66,2025-07-31 21:27:23
S1,Lab1,28.9,41,2025-07-17 18:40:03
S3,Lab3,27.5,65,2025-07-19 15:40:16
S1,Lab1,27.4,38,2025-07-31 19:38:27
S1,Lab3,20.8,64,2025-07-17 21:32:51
S4,Greenhouse,24.5,65,2025-07-26 09:06:31
S3,Lab3,18.9,47,2025-07-19 14:25:58
S3,Lab3,26.7,38,2025-07-20 22:10:59
S4,Warehouse,25.4,43,2025-07-18 05:27:09
S4,Warehouse,20.5,40,2025-07-17 20:16:20
S1,Warehouse,28.5,45,2025-07-19 05:40:33
S4,Greenhouse,21.4,58,2025-07-19 13:50:40
S1,Lab2,23.1,39,2025-07-24 07:44:13
S2,Lab1,21.7,38,2025-07-20 20:13:28
S1,Lab1,19.7,45,2025-07-20 19:06:02
S5,Lab1,25.8,50,2025-07-21 09:25:38
S4,Lab2,29.3,54,2025-07-22 04:46:46
S5,Lab1,25.9,49,2025-07-26 06:40:54
S3,Lab3,19.5,67,2025-07-25 12:34:33
S1,Warehouse,22.8,61,2025-07-21 18:12:35
S2,Lab3,26.0,55,2025-07-22 22:51:32
S4,Lab2,27.9,65,2025-08-01 08:20:12
S4,Lab3,27.8,67,2025-07-23 01:55:22
S2,Lab2,26.6,50,2025-07-29 03:39:11
S5,Lab2,22.1,62,2025-07-23 03:49:24
S1,Lab1,27.7,53,2025-07-20 21:19:16
S3,Lab1,22.1,65,2025-07-30 06:24:54
S1,Greenhouse,18.1,53,2025-07-18 06:56:54
S3,Lab1,20.5,65,2025-07-26 21:15:02
S2,Greenhouse,19.3,60,2025-07-28 05:15:19
S3,Lab3,19.0,32,2025-07-28 20:22:00
S4,Lab1,26.5,48,2025-07-18 15:15:54
S4,Warehouse,18.0,62,2025-07-21 23:53:32
S1,Lab2,18.2,65,2025-07-20 19:12:02
S4,Lab2,18.6,31,2025-07-24 04:15:23
S3,Lab3,22.5,34,2025-07-27 19:31:40
S3,Warehouse,28.4,55,2025-07-21 16:26:59
S5,Greenhouse,20.0,61,2025-07-29 14:45:21
S2,Lab3,26.5,68,2025-08-01 11:51:29
S4,Warehouse,22.8,65,2025-07-31 19:19:33
S4,Lab1,26.2,67,2025-07-18 22:24:26
S2,Lab3,19.1,70,2025-07-30 01:25:11
S5,Lab3,18.2,62,2025-07-26 06:01:20
S3,Lab3,22.1,66,2025-07-24 15:47:25
S4,Warehouse,19.9,32,2025-07-26 07:23:56
S2,Lab1,25.5,63,2025-07-26 10:41:01
S2,Lab2,24.2,61,2025-07-27 00:25:40
S2,Greenhouse,20.9,34,2025-07-26 03:28:45
S4,Lab3,20.3,70,2025-07-28 16:03:19
S3,Warehouse,21.4,64,2025-07-19 03:46:29
S5,Greenhouse,26.8,34,2025-07-21 03:40:57
S2,Lab3,19.2,70,2025-07-31 23:52:31
S3,Warehouse,29.4,45,2025-07-18 05:15:51
S4,Greenhouse,22.6,61,2025-07-24 15:15:23
S3,Lab2,18.3,39,2025-07-27 06:06:34
S1,Lab2,29.7,39,2025-07-24 17:16:13
S5,Lab3,23.6,70,2025-07-29 22:24:55
S5,Warehouse,24.5,57,2025-07-24 10:37:49
S1,Lab3,18.8,49,2025-07-18 17:04:33
S2,Lab2,27.0,65,2025-07-23 23:45:43
S1,Lab2,22.8,36,2025-07-27 00:32:14
S2,Greenhouse,29.7,43,2025-07-26 18:27:38
S1,Warehouse,19.1,32,2025-07-28 01:10:58
S3,Lab2,24.6,69,2025-07-18 23:32:53
S4,Warehouse,20.4,58,2025-07-21 20:48:57
S5,Warehouse,21.6,68,2025-07-18 18:24:26
S3,Warehouse,27.4,61,2025-07-19 23:03:47
S4,Lab1,29.1,41,2025-07-20 18:00:06
S5,Lab3,25.8,34,2025-07-26 10:51:49
S2,Warehouse,20.5,42,2025-07-29 00:27:09
S2,Greenhouse,22.0,51,2025-07-30 05:39:11
S5,Lab1,25.2,67,2025-07-28 19:21:18
S5,Lab1,19.2,32,2025-07-17 21:20:58
S4,Warehouse,26.4,44,2025-07-17 19:12:18
S3,Lab2,28.3,56,2025-07-26 22:07:41
S4,Lab3,22.3,50,2025-07-29 06:31:25
S1,Lab1,29.7,40,2025-07-30 17:18:48
S5,Lab1,20.0,46,2025-07-23 19:11:40
S3,Warehouse,21.5,59,2025-07-18 02:05:11
S1,Lab1,26.3,45,2025-07-29 13:25:34
S4,Lab3,18.8,51,2025-07-21 22:02:00
S4,Lab3,19.2,62,2025-07-19 00:35:42
S4,Lab1,25.1,43,2025-07-24 16:46:12
S3,Warehouse,28.0,67,2025-07-28 14:25:58
S3,Warehouse,27.9,44,2025-07-17 17:59:12
S5,Lab3,22.1,59,2025-08-01 00:44:12
S3,Warehouse,28.9,47,2025-07-20 06:26:44
S3,Greenhouse,29.5,34,2025-07-19 19:27:28
S4,Lab1,20.8,32,2025-07-30 03:13:05
S3,Lab2,24.7,40,2025-07-26 03:30:19
S3,Lab2,23.8,33,2025-07-22 18:22:42
S5,Warehouse,26.9,39,2025-07-30 10:04:34
S1,Greenhouse,29.7,30,2025-07-29 17:11:52
S2,Lab3,18.6,43,2025-07-28 10:16:20
S3,Greenhouse,28.9,31,2025-07-20 17:40:06
S2,Lab1,23.2,60,2025-07-18 15:09:27
S2,Lab1,29.3,51,2025-07-24 21:55:10
S2,Lab2,21.0,43,2025-07-27 15:15:23
S4,Warehouse,29.8,47,2025-07-31 12:00:51
S5,Lab1,19.9,69,2025-07-25 16:03:39
S5,Greenhouse,29.5,65,2025-07-23 14:25:56
S5,Lab1,29.7,65,2025-07-27 04:20:45
S2,Lab3,24.1,38,2025-07-27 22:16:08
S1,Lab2,28.4,34,2025-07-19 11:54:35
S1,Lab3,28.4,56,2025-07-30 00:58:32
S5,Greenhouse,20.1,69,2025-07-23 13:36:37
S4,Greenhouse,22.8,43,2025-07-27 14:46:07
S5,Greenhouse,23.8,41,2025-07-18 07:56:45
S1,Warehouse,20.2,62,2025-07-23 20:37:52
S5,Lab2,25.7,60,2025-07-22 12:23:22
S3,Lab1,21.2,57,2025-07-19 22:16:41
S2,Lab2,22.6,52,2025-07-28 17:57:14
S2,Lab2,23.7,36,2025-08-01 01:28:58
S4,Lab2,25.0,51,2025-07-23 01:04:40
S1,Lab2,22.0,68,2025-07-28 18:51:31
S2,Lab1,21.5,59,2025-07-27 02:31:13
S2,Warehouse,24.5,57,2025-07-18 00:54:59
S1,Lab1,22.7,61,2025-07-25 01:15:14
S2,Lab1,29.3,38,2025-07-24 16:59:33
S2,Lab2,22.5,53,2025-08-01 11:25:11
S5,Lab2,18.6,63,2025-07-20 16:45:25
S1,Warehouse,22.5,53,2025-07-31 16:31:11
S3,Lab1,21.4,33,2025-07-28 00:04:44
S2,Greenhouse,22.5,57,2025-07-21 08:00:02
S5,Warehouse,22.3,70,2025-07-21 11:22:18
S4,Warehouse,25.2,43,2025-07-28 02:13:28
S1,Lab3,25.4,48,2025-07-26 11:38:52
S2,Lab2,18.4,57,2025-07-28 09:59:35
S4,Greenhouse,22.4,48,2025-07-27 02:59:38
S5,Lab3,25.0,38,2025-07-21 02:29:05
S2,Warehouse,21.6,34,2025-07-21 23:24:19
S2,Greenhouse,26.2,35,2025-07-24 14:03:57
S4,Lab2,29.0,61,2025-07-28 13:12:57
S2,Greenhouse,20.9,64,2025-07-19 23:28:48
S3,Lab2,28.5,58,2025-07-21 10:40:34
S4,Lab3,24.5,64,2025-07-23 18:53:41
S1,Lab3,25.9,69,2025-07-31 15:13:05
S5,Warehouse,22.2,61,2025-07-29 04:46:12
S4,Warehouse,27.3,55,2025-07-27 23:06:20
S1,Warehouse,21.8,59,2025-07-24 22:07:18
S1,Warehouse,22.1,48,2025-07-23 01:37:28
S3,Lab2,29.7,50,2025-07-24 05:31:56
S3,Lab3,24.2,56,2025-07-27 16:32:12
S5,Lab3,18.9,42,2025-07-26 01:29:52
S1,Lab1,29.9,65,2025-07-23 07:27:35
S3,Lab1,21.3,56,2025-07-29 13:23:48
S5,Warehouse,23.6,40,2025-07-29 12:40:07
S1,Greenhouse,19.5,33,2025-07-19 03:16:02
S5,Lab1,22.3,64,2025-07-31 12:42:48
S3,Warehouse,20.7,43,2025-08-01 03:42:28
S5,Lab1,27.4,36,2025-07-29 14:01:30
S5,Warehouse,22.0,65,2025-07-24 07:23:24
S5,Warehouse,29.0,55,2025-07-23 05:17:56
S3,Lab1,24.1,32,2025-08-01 03:49:06
S4,Lab1,23.3,54,2025-07-24 21:22:30
S5,Lab2,19.1,58,2025-07-29 13:40:26
S5,Lab1,24.3,39,2025-07-27 23:54:49
S4,Lab1,26.3,46,2025-07-28 14:39:47
S5,Lab1,18.4,68,2025-07-18 23:58:27
S2,Lab2,20.6,66,2025-07-28 09:44:35
S3,Warehouse,25.7,33,2025-07-23 19:59:49
S4,Greenhouse,28.7,38,2025-08-01 04:02:08
S3,Greenhouse,29.6,65,2025-07-30 23:47:08
S2,Greenhouse,21.3,31,2025-07-25 05:00:44
S3,Warehouse,24.3,62,2025-07-30 11:42:20
S3,Warehouse,23.2,36,2025-07-27 07:56:40
S3,Lab2,25.6,63,2025-07-29 12:23:10
S1,Greenhouse,21.8,48,2025-07-30 04:37:54
S1,Warehouse,25.7,53,2025-07-17 19:07:42
S4,Lab2,28.8,67,2025-07-21 22:42:01
S1,Lab2,18.1,59,2025-07-22 02:13:02
S2,Warehouse,24.8,70,2025-07-26 10:44:53
S2,Lab2,25.3,32,2025-07-18 08:48:59
S2,Lab2,26.5,65,2025-07-23 16:03:22
S3,Lab2,29.4,57,2025-07-31 04:36:08
S1,Warehouse,24.0,55,2025-07-31 13:43:40
S2,Warehouse,25.5,52,2025-07-24 07:03:43
S4,Lab3,29.6,48,2025-07-17 19:14:10
S5,Warehouse,20.8,51,2025-07-27 08:14:22
S2,Greenhouse,28.0,33,2025-07-18 03:00:26
S5,Warehouse,27.6,53,2025-07-30 10:55:50
S3,Lab3,22.6,34,2025-07-19 11:13:52
S5,Lab1,24.0,37,2025-07-25 02:01:30
S3,Greenhouse,20.6,62,2025-07-21 10:18:46
S4,Lab3,20.3,38,2025-07-18 20:18:38
S5,Greenhouse,24.8,43,2025-07-24 12:51:09
S2,Warehouse,27.2,68,2025-07-26 11:23:41
S5,Warehouse,19.9,69,2025-07-30 02:20:38
S4,Lab3,29.7,32,2025-07-18 11:33:49
S1,Lab2,27.3,46,2025-07-25 02:32:02
S1,Lab1,21.3,43,2025-07-25 13:51:25
S5,Lab3,25.9,45,2025-07-28 01:03:49
S5,Greenhouse,19.1,65,2025-07-18 15:45:44
S1,Warehouse,28.0,46,2025-07-28 22:04:56
S3,Lab3,27.1,35,2025-08-01 01:16:47
S4,Lab1,29.6,44,2025-07-25 17:27:59
S3,Lab1,20.2,36,2025-07-23 06:29:03
S4,Lab3,28.4,46,2025-07-31 11:27:52
S2,Lab2,25.3,68,2025-07-21 18:11:23
S4,Lab3,29.2,49,2025-07-20 00:52:48
S4,Greenhouse,21.9,66,2025-07-24 22:35:07
S4,Warehouse,27.0,64,2025-07-27 06:46:29
S5,Warehouse,24.6,56,2025-08-01 12:25:45
S3,Warehouse,18.7,36,2025-07-17 21:53:35
S3,Greenhouse,27.5,34,2025-07-24 17:33:38
S3,Warehouse,25.1,40,2025-07-25 23:22:52
S3,Lab1,19.2,42,2025-07-22 01:20:08
S4,Greenhouse,24.9,42,2025-07-27 13:06:10
S2,Lab2,25.2,39,2025-07-18 08:59:22
S1,Lab3,24.4,67,2025-07-21 09:16:50
S4,Warehouse,27.7,69,2025-07-28 22:36:27
S1,Lab2,25.3,45,2025-07-25 06:55:36
S5,Warehouse,23.9,38,2025-07-28 15:43:36
S4,Lab1,21.5,40,2025-08-01 11:13:31
S2,Greenhouse,20.2,32,2025-07-18 05:35:00
S2,Lab2,24.3,56,2025-07-19 17:30:36
S2,Lab1,27.2,59,2025-08-01 06:28:46
S2,Warehouse,27.0,34,2025-07-27 04:00:59
S4,Lab1,18.4,50,2025-07-23 09:13:51
S3,Lab1,23.3,39,2025-07-23 00:52:09
S4,Lab2,18.7,70,2025-07-22 19:26:33
S5,Lab2,28.9,50,2025-07-24 04:25:59
S3,Greenhouse,19.8,43,2025-07-21 13:49:37
S4,Lab3,21.7,42,2025-07-28 10:28:58
S3,Lab1,20.7,60,2025-07-28 06:09:37
S4,Warehouse,27.8,54,2025-07-29 14:19:32
S3,Lab1,26.7,65,2025-07-30 22:13:31
S1,Lab2,26.9,30,2025-07-21 19:24:04
S2,Greenhouse,19.5,60,2025-07-20 23:01:22
S4,Lab2,24.5,32,2025-07-27 05:41:50
S1,Lab3,20.4,57,2025-07-21 22:40:31
S3,Lab2,22.8,68,2025-07-25 17:52:13
S5,Lab2,29.1,58,2025-07-28 17:53:01
S2,Greenhouse,19.4,50,2025-07-22 10:48:24
S2,Warehouse,24.6,59,2025-07-19 21:46:50
S4,Warehouse,22.8,37,2025-07-24 19:50:53
S4,Greenhouse,22.9,43,2025-07-31 15:49:27
S5,Lab3,22.7,51,2025-07-31 23:53:01
S5,Lab2,21.7,32,2025-07-31 08:17:30
S3,Warehouse,26.4,62,2025-07-19 01:12:34
S5,Lab3,18.6,49,2025-07-25 10:20:26
S4,Greenhouse,24.8,52,2025-07-20 21:48:47
S5,Warehouse,21.8,66,2025-07-18 19:54:44
S3,Lab1,27.6,62,2025-07-28 02:47:21
S3,Lab3,22.7,62,2025-07-30 07:42:42
S5,Lab2,26.4,47,2025-07-22 04:34:00
S2,Lab3,26.6,68,2025-07-18 05:42:13
S1,Lab2,22.4,40,2025-07-19 16:03:52
S2,Warehouse,22.1,58,2025-07-30 01:49:18
S2,Lab3,19.4,31,2025-07-23 04:27:04
S4,Lab1,25.3,51,2025-07-30 04:51:12
S1,Lab2,19.7,65,2025-07-31 19:38:26
S4,Lab2,23.6,55,2025-07-29 05:58:27
S4,Greenhouse,21.5,57,2025-07-19 02:09:35
S3,Greenhouse,24.4,45,2025-07-24 18:01:38
S1,Warehouse,25.8,45,2025-07-28 09:14:00
S3,Warehouse,22.7,62,2025-07-29 04:17:35
S4,Warehouse,22.2,36,2025-07-31 07:57:56
S5,Lab1,24.8,64,2025-07-18 16:14:09
S5,Greenhouse,22.4,38,2025-07-26 17:31:31
S2,Lab1,29.3,60,2025-07-20 03:39:52
S2,Lab2,27.4,51,2025-07-24 16:35:11
S3,Lab2,26.4,59,2025-07-31 22:10:07
S3,Warehouse,27.3,49,2025-07-29 02:15:10
S4,Lab2,22.0,31,2025-07-31 06:48:57
S4,Warehouse,29.5,31,2025-07-21 15:04:02
S2,Lab3,24.0,57,2025-07-21 16:55:59
S1,Lab1,27.5,51,2025-07-30 08:28:55
S1,Lab1,26.6,48,2025-07-19 10:36:18
S4,Warehouse,27.5,66,2025-07-26 21:18:33
S3,Greenhouse,26.2,68,2025-07-29 15:48:08
S2,Lab3,20.8,46,2025-07-29 21:37:45
S5,Greenhouse,21.2,60,2025-07-20 08:05:53
S1,Greenhouse,27.7,66,2025-07-30 06:29:30
S4,Lab1,25.2,61,2025-07-30 19:51:43
S1,Lab1,27.6,69,2025-07-23 15:19:37
S2,Warehouse,25.7,55,2025-07-18 07:09:55
S1,Warehouse,29.9,31,2025-07-25 11:58:25
S5,Lab1,26.0,47,2025-07-25 07:35:18
S1,Lab3,19.2,64,2025-07-27 01:57:28
S5,Warehouse,28.7,45,2025-07-22 16:16:36
S3,Lab2,22.2,50,2025-07-18 13:50:02
S4,Warehouse,20.6,43,2025-08-01 00:36:29
S1,Greenhouse,28.7,64,2025-07-19 10:00:19
S1,Greenhouse,27.0,51,2025-07-29 02:10:54
S1,Lab1,29.1,42,2025-07-20 21:16:05
S3,Warehouse,24.5,30,2025-07-22 13:02:47
S4,Lab1,18.8,58,2025-07-27 07:46:00
S4,Lab1,18.1,56,2025-07-22 05:19:25
S2,Lab2,18.6,61,2025-07-27 04:04:34
S1,Lab2,22.7,59,2025-07-21 19:51:10
S4,Greenhouse,24.7,31,2025-07-24 18:39:07
S4,Lab1,19.0,42,2025-07-27 05:24:50
S4,Lab1,25.2,54,2025-07-18 17:07:23
S2,Greenhouse,22.7,43,2025-07-19 07:07:23
S1,Greenhouse,23.6,32,2025-07-22 19:59:37
S4,Greenhouse,29.3,30,2025-07-23 21:38:05
S1,Greenhouse,19.6,62,2025-07-29 18:17:09
S1,Greenhouse,19.5,43,2025-07-22 10:56:15
S3,Warehouse,21.3,47,2025-07-29 09:40:59
S2,Greenhouse,20.2,48,2025-07-24 20:55:43
S4,Lab2,20.9,70,2025-07-23 09:41:06
S2,Lab3,27.8,55,2025-07-27 17:33:15
S1,Warehouse,24.0,35,2025-07-27 19:44:58
S2,Warehouse,29.6,37,2025-07-28 07:09:34
S1,Lab1,23.8,45,2025-07-18 23:19:16
S1,Warehouse,28.1,40,2025-07-31 07:34:00
S5,Greenhouse,29.5,69,2025-07-31 11:16:25
S4,Lab2,26.9,70,2025-07-26 19:03:36
S5,Lab3,24.0,54,2025-07-25 10:21:41
S1,Lab2,24.6,52,2025-07-25 01:50:03
S5,Warehouse,29.9,64,2025-07-18 08:25:59
S4,Warehouse,26.1,47,2025-07-27 15:01:55
S1,Greenhouse,29.6,37,2025-07-27 17:29:13
S4,Warehouse,19.0,43,2025-07-27 15:21:19
S2,Lab1,19.5,64,2025-07-26 07:32:31
S1,Warehouse,20.3,51,2025-08-01 13:44:34
S3,Lab2,28.9,39,2025-07-24 05:55:55
S1,Warehouse,27.4,65,2025-07-27 01:10:50
S3,Lab3,18.3,30,2025-07-20 03:05:12
S2,Warehouse,29.2,37,2025-07-29 05:05:35
S3,Warehouse,27.0,43,2025-07-18 17:44:59
S3,Greenhouse,26.2,30,2025-07-27 01:45:12
S2,Lab3,20.7,70,2025-07-31 09:37:10
S3,Lab2,29.8,41,2025-07-22 09:59:15
S3,Lab2,27.8,62,2025-07-25 10:26:47
S5,Lab1,21.6,46,2025-07-30 11:22:35
S1,Warehouse,21.7,41,2025-07-18 16:23:28
S5,Lab2,22.8,34,2025-07-25 09:07:28
S3,Lab1,22.8,48,2025-07-28 10:25:08
S3,Lab1,21.2,50,2025-07-21 16:51:27
S2,Greenhouse,19.7,66,2025-07-28 09:05:07
S3,Warehouse,26.9,39,2025-07-25 11:56:17
S3,Greenhouse,18.6,61,2025-08-01 13:28:05
S5,Lab2,22.2,65,2025-07-26 12:24:07
S4,Lab2,25.5,32,2025-07-19 12:30:50
S3,Lab3,25.0,51,2025-07-24 12:06:01
S4,Greenhouse,22.3,40,2025-07-21 01:03:02
S2,Lab2,22.3,69,2025-07-20 04:43:54
S3,Lab3,21.2,54,2025-07-30 04:23:48
S4,Warehouse,27.5,45,2025-07-19 15:33:20
S4,Warehouse,20.0,50,2025-07-27 20:23:31
S5,Warehouse,27.1,64,2025-07-21 22:49:11
S4,Lab1,19.4,58,2025-07-26 18:59:05
S3,Lab1,28.9,30,2025-07-25 09:18:29
S5,Lab2,24.5,36,2025-07-18 14:03:22
S4,Lab2,26.6,66,2025-07-30 18:56:09
S4,Lab2,24.3,52,2025-07-18 22:15:19
S4,Lab3,21.2,36,2025-07-22 11:04:21
S1,Lab1,18.6,69,2025-07-20 01:31:58
S5,Lab3,26.9,44,2025-07-21 06:08:45
S1,Warehouse,29.6,37,2025-07-27 21:32:35
S5,Greenhouse,26.4,57,2025-07-22 00:31:02
S4,Lab3,19.5,55,2025-07-27 08:48:28
S5,Warehouse,20.8,52,2025-07-30 21:09:51
S3,Greenhouse,21.7,65,2025-07-22 23:15:28
S5,Lab3,26.3,60,2025-07-20 22:43:47
S1,Lab3,29.6,61,2025-07-18 15:12:26
S2,Lab1,20.6,50,2025-08-01 12:26:05
S4,Warehouse,22.7,48,2025-07-25 11:53:04
S1,Lab2,29.8,33,2025-07-26 06:29:44
S2,Lab1,18.4,41,2025-07-21 13:47:08
S4,Warehouse,29.7,66,2025-07-19 17:23:20
S1,Warehouse,20.4,62,2025-07-23 04:11:20
S2,Lab2,26.8,56,2025-07-28 10:11:10
S5,Lab2,20.2,36,2025-07-23 07:24:06
S1,Lab3,28.9,67,2025-07-29 13:03:32
S1,Lab3,19.6,46,2025-07-23 03:28:10
S2,Greenhouse,22.2,44,2025-07-28 12:50:42
S1,Warehouse,22.8,68,2025-07-27 04:27:33
S4,Warehouse,21.9,57,2025-07-24 08:35:52
S3,Warehouse,21.7,47,2025-07-18 05:45:40
S4,Warehouse,18.0,48,2025-07-19 14:32:56
S5,Warehouse,29.6,39,2025-07-22 03:42:50
S1,Warehouse,23.3,64,2025-08-01 07:10:17
S2,Lab2,28.6,32,2025-07-18 13:46:23
S4,Warehouse,21.6,61,2025-07-28 18:51:22
S5,Lab1,24.4,40,2025-08-01 02:18:04
S4,Lab1,22.9,38,2025-07-31 19:11:53
S1,Lab1,27.2,42,2025-08-01 07:27:20
S2,Warehouse,21.1,30,2025-07-26 01:49:53
S4,Greenhouse,20.8,50,2025-07-22 08:39:08
S5,Greenhouse,18.8,35,2025-07-29 13:02:15
S4,Warehouse,27.8,64,2025-07-21 21:59:29
S4,Greenhouse,26.4,53,2025-07-28 10:55:00
S4,Lab1,19.0,48,2025-07-24 08:23:27
S5,Lab2,26.0,61,2025-07-26 12:27:31
S2,Lab3,25.1,52,2025-07-28 05:14:34
S1,Lab2,19.7,60,2025-07-27 12:59:05
S4,Lab1,25.9,45,2025-07-24 07:14:59
S1,Lab1,21.0,36,2025-07-17 22:36:21
S3,Lab2,28.2,40,2025-07-21 06:54:00
S2,Lab1,27.3,54,2025-07-30 14:27:18
S5,Warehouse,24.6,48,2025-07-31 00:50:19
S5,Warehouse,25.9,48,2025-08-01 15:21:16
S1,Warehouse,19.5,70,2025-07-30 13:06:23
S2,Lab3,25.7,43,2025-07-29 08:30:58
S1,Greenhouse,18.9,43,2025-07-20 23:34:34
S5,Lab1,24.1,59,2025-07-23 00:25:05
S5,Lab3,29.0,34,2025-08-01 08:26:13
S3,Lab3,22.7,39,2025-07-21 16:19:44
S3,Warehouse,27.5,44,2025-07-26 12:45:17
S1,Warehouse,28.2,65,2025-07-18 21:39:27
S1,Warehouse,20.0,41,2025-07-31 15:23:19
S2,Lab3,29.3,44,2025-07-29 18:49:13
S3,Warehouse,20.0,67,2025-07-18 14:44:42
S5,Warehouse,23.0,69,2025-07-19 06:03:40
S3,Greenhouse,27.8,52,2025-07-19 20:26:16
S1,Lab3,24.8,40,2025-07-19 13:27:50
S3,Lab3,18.0,37,2025-07-30 04:25:11
S1,Warehouse,21.1,65,2025-07-23 13:19:40
S5,Lab1,29.5,61,2025-07-24 23:47:05
S4,Greenhouse,24.1,39,2025-07-17 19:40:13
S1,Warehouse,25.1,62,2025-07-24 17:56:59
S3,Lab1,20.5,49,2025-07-27 18:01:23
S4,Greenhouse,29.5,56,2025-07-30 13:29:07
S3,Lab1,25.3,65,2025-07-18 15:40:35
S5,Lab2,20.4,70,2025-07-23 08:44:04
S3,Lab2,25.5,67,2025-07-25 19:14:34
S3,Lab3,26.4,63,2025-07-23 07:04:15
S3,Lab2,23.4,57,2025-07-21 09:59:34
S2,Lab3,29.4,49,2025-07-30 08:46:48
S5,Warehouse,21.4,69,2025-07-20 09:05:07
S1,Warehouse,27.6,49,2025-07-31 14:44:32
S5,Lab3,18.3,53,2025-07-29 09:42:59
S4,Greenhouse,18.9,43,2025-07-21 14:41:26
S5,Greenhouse,24.8,66,2025-07-27 18:19:36
S2,Lab3,28.8,49,2025-07-28 08:46:56
S1,Lab1,27.8,31,2025-07-31 10:58:58
S5,Warehouse,26.6,55,2025-07-24 10:08:13
S5,Lab2,24.7,52,2025-07-28 03:00:54
S2,Warehouse,28.7,42,2025-07-21 20:01:46
S4,Lab3,27.3,30,2025-07-30 19:58:10
S4,Lab1,18.0,34,2025-07-21 11:06:32
S2,Lab1,28.9,44,2025-07-23 12:43:51
S4,Lab2,28.5,37,2025-07-20 20:08:04
S5,Lab3,20.5,55,2025-07-18 14:17:20
S2,Greenhouse,27.4,39,2025-07-19 13:44:13
S2,Warehouse,24.6,52,2025-07-19 15:57:31
S3,Greenhouse,22.9,60,2025-07-20 17:55:46
S5,Warehouse,29.9,32,2025-07-19 03:52:30
S2,Warehouse,20.2,40,2025-07-24 01:21:35
S1,Greenhouse,24.9,33,2025-07-25 19:26:40
S3,Greenhouse,21.5,66,2025-07-31 06:23:53
S3,Lab2,25.0,57,2025-07-31 08:38:18
S1,Warehouse,26.6,33,2025-07-31 02:34:04
S1,Warehouse,20.0,40,2025-07-23 12:03:09
S3,Lab2,20.2,59,2025-07-27 04:13:38
S4,Lab2,22.1,51,2025-08-01 08:14:26
S4,Warehouse,28.7,33,2025-07-28 07:59:29
S4,Lab1,18.1,62,2025-07-23 00:50:38
S3,Warehouse,23.2,34,2025-07-18 17:45:10
S4,Lab3,28.8,44,2025-07-31 02:52:36
S3,Warehouse,28.8,68,2025-07-31 11:40:49
S5,Lab3,21.2,42,2025-08-01 07:34:47
S1,Lab2,18.5,31,2025-07-20 06:33:41
S3,Warehouse,29.9,56,2025-07-26 19:17:23
S1,Lab1,22.5,53,2025-07-21 23:36:48
S1,Lab2,19.9,67,2025-07-20 05:02:32
S2,Warehouse,22.0,44,2025-07-25 21:37:46
S4,Greenhouse,22.9,44,2025-07-19 15:43:53
S2,Lab3,22.7,41,2025-07-20 14:27:05
S1,Warehouse,18.1,45,2025-07-26 20:02:46
S2,Warehouse,25.3,50,2025-07-26 01:27:59
S2,Warehouse,21.5,34,2025-07-27 05:34:18
S4,Lab2,22.9,43,2025-07-31 04:23:32
S1,Warehouse,27.3,56,2025-07-28 08:10:42
S2,Warehouse,25.1,48,2025-07-23 06:16:54
S5,Warehouse,29.5,51,2025-07-31 14:17:12
S5,Lab3,23.5,58,2025-07-29 11:28:34
S1,Lab1,25.8,33,2025-07-24 14:16:15
S2,Warehouse,22.3,49,2025-07-23 22:56:57
S4,Lab3,27.1,53,2025-07-21 08:20:49
S4,Lab1,29.7,38,2025-07-22 03:56:11
S1,Lab3,19.2,41,2025-07-29 01:49:07
S2,Lab3,23.2,60,2025-07-21 02:51:36
S1,Warehouse,18.6,43,2025-07-28 11:35:24
S3,Greenhouse,19.3,69,2025-07-23 13:14:57
S5,Greenhouse,23.1,58,2025-07-21 03:20:52
S4,Lab1,18.0,42,2025-07-29 06:55:58
S2,Lab3,28.4,66,2025-07-26 13:08:56
S1,Lab1,23.5,30,2025-07-21 03:01:25
S1,Lab3,28.7,59,2025-07-23 22:27:34
S2,Lab3,19.0,40,2025-07-30 06:26:11
S3,Warehouse,27.9,68,2025-07-28 17:58:58
S2,Greenhouse,23.6,34,2025-07-22 17:52:59
S4,Lab2,24.2,60,2025-07-20 11:19:08
S2,Warehouse,29.5,31,2025-07-24 02:50:37
S5,Lab2,23.1,50,2025-07-23 21:35:45
S2,Greenhouse,25.7,50,2025-07-25 20:29:58
S1,Warehouse,20.6,49,2025-07-24 11:18:36
S3,Lab2,23.7,32,2025-07-17 21:52:53
S2,Lab3,28.9,44,2025-07-26 06:32:07
S2,Lab3,21.3,50,2025-07-27 01:18:58
S1,Lab2,22.8,50,2025-07-30 08:18:43
S4,Lab3,25.0,55,2025-07-27 18:27:32
S3,Greenhouse,21.8,58,2025-07-30 06:12:44
S1,Lab3,29.5,50,2025-07-27 21:23:29
S5,Lab3,22.5,32,2025-07-28 16:44:53
S4,Lab2,20.9,61,2025-07-18 19:08:26
S1,Warehouse,24.9,31,2025-07-20 07:11:50
S4,Greenhouse,20.4,52,2025-07-18 12:22:17
S4,Lab1,23.6,48,2025-07-29 09:44:27
S2,Lab1,20.7,40,2025-07-27 21:48:59
S2,Warehouse,26.1,34,2025-07-29 03:24:18
S1,Lab1,25.0,58,2025-07-27 11:56:51
S3,Lab1,25.3,61,2025-07-22 14:03:08
S2,Lab2,19.9,67,2025-07-26 22:03:57
S4,Lab3,28.0,31,2025-07-27 13:12:37
S3,Lab1,23.6,69,2025-07-24 02:53:58
S4,Lab2,24.3,47,2025-07-22 07:40:58
S4,Lab3,18.3,68,2025-07-31 11:22:12
S2,Lab1,26.4,42,2025-07-22 01:16:04
S2,Lab2,22.4,39,2025-08-01 15:31:46
S5,Greenhouse,27.5,36,2025-07-30 15:47:58
S4,Greenhouse,28.5,62,2025-07-17 19:31:15
S2,Lab2,20.6,67,2025-07-22 03:21:05
S2,Lab3,25.2,62,2025-07-29 19:10:09
S5,Lab2,22.3,40,2025-07-27 00:57:25
S1,Greenhouse,19.9,59,2025-08-01 10:08:03
S2,Greenhouse,23.4,64,2025-07-22 05:31:32
S3,Lab2,22.5,54,2025-07-30 23:24:29
S2,Warehouse,21.3,46,2025-07-27 14:59:32
S5,Greenhouse,21.5,47,2025-07-30 16:28:45
S2,Lab3,27.1,51,2025-07-23 04:30:37
S2,Greenhouse,24.5,37,2025-07-19 03:31:33
S5,Warehouse,25.0,41,2025-07-28 03:34:12
S1,Lab2,27.2,70,2025-07-30 10:20:34
S2,Lab3,23.5,36,2025-07-22 15:13:04
S3,Greenhouse,22.1,38,2025-07-18 02:46:52
S5,Lab1,24.2,43,2025-07-24 15:25:17
S1,Warehouse,21.9,49,2025-07-31 00:40:07
S4,Greenhouse,21.3,62,2025-07-29 09:38:38
S5,Lab3,24.1,53,2025-07-22 00:46:12
S3,Lab3,22.5,35,2025-07-24 12:09:30
S3,Warehouse,21.9,36,2025-07-28 04:53:22
S2,Lab3,18.0,64,2025-07-18 22:24:30
S2,Warehouse,27.1,64,2025-07-31 13:26:51
S5,Warehouse,27.0,69,2025-07-20 05:30:56
S1,Warehouse,26.5,62,2025-07-31 09:53:31
S2,Lab3,19.9,39,2025-07-20 15:55:33
S4,Lab1,23.3,33,2025-07-19 22:16:12
S3,Lab1,20.0,48,2025-07-19 09:36:07
S2,Lab1,28.6,49,2025-07-18 06:41:57
S5,Greenhouse,23.5,55,2025-07-26 13:30:59
S3,Warehouse,22.6,64,2025-07-23 14:21:57
S5,Lab2,29.1,58,2025-07-22 01:22:09
S5,Lab3,29.7,48,2025-07-20 14:33:34
S4,Greenhouse,19.2,33,2025-07-28 04:43:18
S2,Lab2,20.0,41,2025-07-19 03:03:54
S4,Lab2,22.8,69,2025-07-17 22:23:05
S3,Lab1,29.5,69,2025-07-19 13:04:04
S3,Greenhouse,29.4,49,2025-07-24 14:12:32
S1,Lab3,22.7,41,2025-07-22 03:54:06
S1,Lab3,24.4,49,2025-07-21 05:08:32
S3,Greenhouse,22.0,66,2025-07-19 00:40:29
S2,Lab2,18.4,58,2025-07-26 22:09:06
S3,Lab3,28.0,30,2025-07-26 03:03:26
S4,Warehouse,22.4,63,2025-07-20 19:32:19
S3,Warehouse,25.7,53,2025-07-22 02:16:02
S2,Warehouse,25.3,67,2025-07-24 18:57:15
S3,Lab1,19.1,69,2025-07-20 08:21:44
S5,Greenhouse,28.2,66,2025-07-18 11:42:28
S5,Lab1,19.4,69,2025-07-23 19:24:00
S1,Warehouse,20.3,41,2025-07-29 04:20:20
S2,Lab1,20.2,49,2025-07-27 16:53:30
S4,Lab1,23.4,51,2025-07-20 20:43:15
S2,Lab1,23.9,45,2025-07-30 19:57:19
S1,Warehouse,22.0,32,2025-07-24 12:28:43
S3,Warehouse,28.3,61,2025-07-19 07:01:15
S1,Lab3,24.6,64,2025-07-22 14:55:54
S1,Greenhouse,27.8,68,2025-07-31 21:21:29
S1,Lab1,20.5,59,2025-07-22 20:54:47
S4,Warehouse,23.0,51,2025-07-26 04:46:46
S1,Greenhouse,26.6,35,2025-07-29 20:42:14
S4,Lab1,25.0,39,2025-07-24 18:17:42
S3,Lab2,20.7,66,2025-07-17 20:49:59
S1,Lab2,24.8,33,2025-07-25 15:50:36
S4,Lab2,21.0,42,2025-07-18 12:00:51
S2,Lab1,23.4,45,2025-07-21 10:47:39
S2,Lab2,28.1,69,2025-07-22 17:10:37
S1,Lab1,24.5,52,2025-07-28 01:08:40
S5,Greenhouse,20.8,55,2025-07-25 06:29:56
S3,Lab1,20.3,65,2025-07-27 03:54:26
S4,Lab3,23.3,43,2025-07-28 02:18:51
S5,Greenhouse,19.3,64,2025-07-23 17:36:07
S2,Lab3,24.8,33,2025-07-28 02:26:33
S2,Warehouse,21.4,70,2025-08-01 02:36:32
S2,Greenhouse,23.6,53,2025-07-18 21:26:30
S5,Warehouse,21.0,59,2025-08-01 16:20:49
S3,Warehouse,25.5,65,2025-07-21 01:59:10
S5,Lab3,18.9,55,2025-07-21 09:04:01
S2,Greenhouse,21.4,65,2025-07-25 18:23:05
S1,Lab2,18.8,41,2025-07-24 21:17:46
S4,Warehouse,20.3,47,2025-07-23 19:59:31
S3,Lab2,18.4,41,2025-07-17 20:56:59
S1,Warehouse,26.9,45,2025-07-25 18:55:09
S1,Warehouse,28.8,63,2025-07-25 11:03:27
S1,Lab1,26.3,34,2025-07-28 21:27:27
S1,Lab2,27.3,52,2025-07-25 18:10:53
S4,Lab1,21.5,53,2025-07-25 19:52:14
S4,Warehouse,26.8,36,2025-07-31 08:52:38
S5,Lab1,28.0,36,2025-07-31 19:31:24
S2,Lab1,25.8,32,2025-07-27 12:16:26
S4,Lab2,20.8,57,2025-07-26 04:18:33
S2,Lab2,23.4,57,2025-07-27 00:20:39
S1,Lab3,26.2,38,2025-07-29 21:05:56
S5,Lab3,29.9,52,2025-07-21 19:00:14
S5,Warehouse,26.5,52,2025-07-29 20:40:32
S5,Lab3,23.9,36,2025-07-27 19:20:39
S1,Lab3,19.9,64,2025-07-21 19:43:16
S4,Greenhouse,21.4,58,2025-07-26 00:02:31
S5,Greenhouse,26.6,66,2025-07-24 05:03:02
S5,Warehouse,28.0,48,2025-07-27 12:06:10
S1,Lab2,18.1,59,2025-08-01 00:35:36
S4,Warehouse,22.1,58,2025-08-01 16:21:12
S3,Warehouse,22.2,37,2025-07-31 16:04:11
S4,Lab2,20.1,68,2025-07-31 02:48:51
S2,Lab2,24.8,41,2025-07-26 23:25:29
S5,Greenhouse,23.3,35,2025-07-24 11:02:29
S4,Greenhouse,18.2,66,2025-07-27 14:44:31
S1,Greenhouse,21.4,58,2025-07-18 15:15:50
S2,Lab2,28.5,67,2025-07-28 05:11:17
S2,Lab1,29.3,67,2025-07-28 05:03:39
S3,Warehouse,23.4,32,2025-07-22 23:07:18
S1,Lab2,27.8,41,2025-07-23 01:49:52
S5,Greenhouse,29.3,70,2025-07-27 14:40:09
S4,Greenhouse,29.4,38,2025-07-18 00:05:54
S5,Lab2,18.3,62,2025-07-30 21:40:20
S3,Lab1,18.7,61,2025-07-31 23:40:38
S4,Lab2,21.5,54,2025-07-19 07:09:56
S1,Lab1,29.1,30,2025-07-25 11:25:48
S1,Lab3,19.5,68,2025-07-29 17:44:51
S4,Lab1,25.1,44,2025-07-21 02:02:16
S3,Warehouse,29.1,33,2025-07-22 04:11:50
S1,Warehouse,20.1,64,2025-07-19 09:05:08
S5,Greenhouse,24.3,36,2025-07-22 14:45:04
S5,Lab2,20.9,40,2025-07-23 02:33:54
S1,Greenhouse,20.2,37,2025-07-22 06:51:20
S5,Warehouse,18.1,65,2025-07-26 09:47:53
S2,Lab3,22.3,30,2025-07-24 22:08:45
S3,Warehouse,24.0,44,2025-07-25 04:55:03
S5,Lab3,26.5,69,2025-07-23 11:03:01
S5,Lab3,28.9,38,2025-08-01 14:47:59
S4,Lab3,19.9,33,2025-07-22 15:57:50
S5,Lab2,20.4,46,2025-07-21 12:37:16
S4,Lab1,28.4,30,2025-07-31 13:24:42
S4,Lab2,24.5,64,2025-07-24 08:16:37
S2,Warehouse,19.8,31,2025-07-29 00:00:53
S1,Lab3,25.0,38,2025-07-30 15:57:47
S3,Lab3,18.5,50,2025-07-20 12:48:11
S2,Lab3,24.9,61,2025-07-28 12:20:27
S5,Lab1,26.3,66,2025-07-26 12:30:39
S5,Greenhouse,28.2,61,2025-08-01 02:42:12
S5,Lab2,27.2,63,2025-07-27 04:56:32
S2,Warehouse,27.3,69,2025-07-23 21:13:40
S3,Lab2,25.1,65,2025-07-19 20:23:09
S5,Lab3,23.1,67,2025-07-18 02:39:26
S1,Lab1,25.1,36,2025-07-22 01:51:02
S5,Lab1,27.2,35,2025-07-22 18:16:30
S3,Lab3,19.7,58,2025-07-26 15:41:41
S1,Warehouse,20.5,37,2025-07-23 02:26:44
S2,Lab3,23.9,59,2025-07-25 01:30:28
S4,Greenhouse,29.5,37,2025-07-24 15:20:55
S5,Lab1,23.4,47,2025-07-21 03:36:44
S3,Lab1,19.7,61,2025-07-29 15:54:48
S1,Lab1,20.5,64,2025-07-18 12:44:29
S3,Warehouse,25.2,48,2025-07-30 11:50:19
S5,Lab3,28.6,70,2025-07-23 13:26:00
S3,Greenhouse,18.1,58,2025-07-31 18:53:57
S5,Lab3,23.9,32,2025-07-20 15:59:15
S1,Lab1,27.7,42,2025-07-21 20:28:16
S5,Lab2,18.3,55,2025-07-20 05:31:42
S5,Lab3,27.9,59,2025-07-21 05:07:10
S1,Greenhouse,23.2,49,2025-07-23 08:13:44
