Date,Page,UserID,SessionDuration,Device
2025-06-08,Contact,1778,258,Mobile
2025-07-30,About,1441,12,Desktop
2025-06-20,FAQ,1065,498,Tablet
2025-06-13,Contact,1561,522,Mobile
2025-06-19,FAQ,1874,292,Tablet
2025-06-04,FAQ,1228,123,Mobile
2025-07-25,Home,1723,450,Tablet
2025-07-26,Contact,1105,398,Tablet
2025-07-17,FAQ,1944,266,Desktop
2025-07-26,About,1407,19,Desktop
2025-06-02,Products,1540,119,Tablet
2025-06-11,Careers,1806,25,Desktop
2025-06-19,FAQ,1229,599,Desktop
2025-06-08,Services,1857,64,Tablet
2025-07-22,Contact,1302,72,Tablet
2025-07-22,FAQ,1829,241,Tablet
2025-07-26,About,1078,18,Desktop
2025-07-31,Home,1732,93,Desktop
2025-06-04,Blog,1605,281,Mobile
2025-07-02,Services,1016,501,Mobile
2025-07-01,Blog,1926,297,Mobile
2025-06-25,Home,1093,512,Desktop
2025-07-10,Careers,1979,31,Tablet
2025-07-10,Contact,1498,290,Tablet
2025-06-24,Blog,1701,392,Tablet
2025-07-01,Services,1114,576,Desktop
2025-07-13,FAQ,1602,503,Mobile
2025-07-10,Careers,1530,61,Mobile
2025-06-08,Products,1888,34,Mobile
2025-06-04,FAQ,1028,580,Mobile
2025-06-21,Products,1264,81,Desktop
2025-06-25,Blog,1575,431,Tablet
2025-07-01,Products,1807,164,Tablet
2025-06-16,Products,1173,226,Mobile
2025-06-02,Careers,1887,457,Mobile
2025-07-10,Contact,1190,269,Mobile
2025-07-26,Home,1810,251,Desktop
2025-06-13,Careers,1547,353,Desktop
2025-06-10,Products,1292,86,Mobile
2025-06-19,FAQ,1065,556,Tablet
2025-06-21,FAQ,1872,451,Tablet
2025-06-14,Contact,1681,252,Mobile
2025-06-22,About,1487,93,Tablet
2025-07-02,Services,1220,294,Mobile
2025-07-15,Careers,1192,448,Desktop
2025-07-03,Home,1471,321,Mobile
2025-06-13,FAQ,1463,549,Desktop
2025-06-23,Products,1782,329,Tablet
2025-07-28,Products,1861,549,Mobile
2025-06-28,Services,1982,589,Mobile
2025-06-23,Careers,1225,487,Tablet
2025-07-20,Services,1798,177,Mobile
2025-07-10,Contact,1538,283,Desktop
2025-07-30,Careers,1002,215,Tablet
2025-06-07,Careers,1292,157,Desktop
2025-06-04,Careers,1759,388,Mobile
2025-07-16,About,1027,518,Desktop
2025-07-18,Careers,1235,149,Mobile
2025-07-15,About,1865,70,Desktop
2025-06-04,FAQ,1539,483,Tablet
2025-07-27,About,1818,113,Desktop
2025-06-13,Home,1649,206,Mobile
2025-06-11,Home,1936,99,Desktop
2025-07-05,Blog,1934,472,Tablet
2025-07-06,About,1677,510,Mobile
2025-06-09,Contact,1423,271,Desktop
2025-06-29,Services,1543,535,Tablet
2025-06-10,Careers,1509,493,Mobile
2025-06-03,FAQ,1419,90,Mobile
2025-06-06,Home,1824,591,Mobile
2025-07-01,Contact,1775,283,Tablet
2025-06-24,Services,1933,409,Mobile
2025-07-26,FAQ,1723,261,Tablet
2025-07-17,Services,1983,543,Tablet
2025-06-12,FAQ,1103,432,Mobile
2025-06-07,Home,1713,65,Mobile
2025-07-22,Home,1589,500,Desktop
2025-06-27,Blog,1179,405,Desktop
2025-06-10,Home,1757,96,Tablet
2025-07-14,Blog,1966,367,Desktop
2025-06-08,About,1301,591,Tablet
2025-06-26,Services,1768,506,Desktop
2025-06-27,Careers,1294,432,Desktop
2025-06-09,Careers,1934,230,Mobile
2025-06-27,Careers,1870,105,Mobile
2025-06-10,Home,1743,525,Mobile
2025-07-15,Services,1841,467,Tablet
2025-06-02,Contact,1626,139,Desktop
2025-06-25,Home,1188,98,Mobile
2025-06-16,FAQ,1322,304,Tablet
2025-07-15,Services,1629,82,Mobile
2025-07-30,Careers,1984,229,Desktop
2025-06-03,Home,1673,308,Mobile
2025-06-10,Services,1748,26,Desktop
2025-07-30,About,1549,401,Tablet
2025-07-27,Products,1874,600,Tablet
2025-07-28,Blog,1012,309,Desktop
2025-06-07,Services,1790,373,Desktop
2025-07-14,About,1977,239,Mobile
2025-07-06,Home,1053,584,Desktop
2025-06-29,About,1411,142,Desktop
2025-07-19,Contact,1429,430,Tablet
2025-06-16,Careers,1699,306,Desktop
2025-06-14,Services,1887,32,Desktop
2025-07-02,Services,1017,355,Desktop
2025-06-15,Contact,1159,382,Desktop
2025-07-10,About,1290,249,Desktop
2025-07-12,Contact,1453,507,Tablet
2025-07-04,Contact,1250,247,Mobile
2025-07-19,About,1664,505,Mobile
2025-06-16,Blog,1792,571,Mobile
2025-06-07,Home,1523,249,Desktop
2025-07-28,Home,1784,381,Desktop
2025-06-12,FAQ,1742,206,Mobile
2025-07-09,Services,1072,24,Tablet
2025-06-02,FAQ,1840,416,Tablet
2025-07-05,Services,1675,450,Tablet
2025-07-21,FAQ,1654,477,Desktop
2025-07-07,Products,1865,188,Tablet
2025-06-03,Services,1872,138,Tablet
2025-07-26,Services,1448,307,Tablet
2025-07-12,FAQ,1513,102,Desktop
2025-07-20,Contact,1935,453,Tablet
2025-07-20,Contact,1095,563,Tablet
2025-07-27,Products,1586,497,Mobile
2025-06-19,Products,1643,572,Tablet
2025-07-27,Careers,1897,511,Desktop
2025-07-24,Contact,1213,385,Tablet
2025-06-13,Products,1952,303,Mobile
2025-07-05,Products,1187,356,Desktop
2025-07-05,Home,1138,88,Tablet
2025-06-05,About,1291,121,Mobile
2025-06-14,Home,1175,168,Tablet
2025-07-29,Contact,1365,570,Desktop
2025-06-09,Contact,1694,105,Tablet
2025-06-02,About,1008,455,Mobile
2025-07-23,Home,1132,146,Mobile
2025-06-17,Contact,1196,469,Tablet
2025-07-26,About,1932,90,Mobile
2025-07-29,FAQ,1868,89,Desktop
2025-07-08,About,1229,183,Tablet
2025-06-05,Blog,1751,174,Mobile
2025-07-30,FAQ,1712,173,Desktop
2025-07-25,About,1840,41,Mobile
2025-07-22,Careers,1420,535,Mobile
2025-06-28,FAQ,1170,571,Desktop
2025-07-20,Blog,1839,237,Mobile
2025-07-26,Products,1380,507,Tablet
2025-06-30,Home,1144,441,Desktop
2025-06-13,Blog,1878,44,Desktop
2025-07-24,Products,1400,192,Desktop
2025-07-21,Blog,1200,410,Desktop
2025-07-04,Careers,1136,516,Desktop
2025-07-04,FAQ,1077,502,Desktop
2025-06-22,Careers,1407,599,Mobile
2025-07-18,FAQ,1310,250,Mobile
2025-07-21,Services,1539,301,Mobile
2025-07-16,Blog,1403,116,Tablet
2025-07-31,Products,1233,343,Mobile
2025-06-24,Contact,1136,33,Tablet
2025-06-23,Home,1349,177,Desktop
2025-06-27,About,1798,423,Tablet
2025-07-24,Home,1785,341,Tablet
2025-06-27,Careers,1253,556,Tablet
2025-07-23,About,1291,324,Mobile
2025-07-28,Products,1480,188,Tablet
2025-07-31,Blog,1367,56,Tablet
2025-07-20,Services,1573,575,Mobile
2025-07-12,Services,1262,97,Tablet
2025-06-03,Services,1765,340,Desktop
2025-07-10,Home,1303,33,Desktop
2025-06-07,FAQ,1132,590,Tablet
2025-07-31,About,1107,395,Desktop
2025-07-08,Blog,1910,56,Tablet
2025-06-06,Home,1659,518,Desktop
2025-06-25,Blog,1517,47,Tablet
2025-06-15,Home,1988,427,Mobile
2025-06-02,Products,1633,236,Tablet
2025-06-18,Services,1286,150,Tablet
2025-06-28,Services,1924,469,Tablet
2025-07-12,Home,1061,289,Mobile
2025-06-22,Careers,1494,134,Tablet
2025-07-22,Products,1161,187,Mobile
2025-07-02,Products,1325,490,Desktop
2025-06-07,Home,1986,337,Tablet
2025-07-22,Products,1951,109,Mobile
2025-06-10,Home,1216,566,Desktop
2025-07-05,Products,1446,330,Tablet
2025-07-12,Contact,1830,581,Desktop
2025-07-27,Blog,1763,72,Tablet
2025-07-17,FAQ,1767,561,Desktop
2025-06-23,About,1240,249,Desktop
2025-06-08,Careers,1371,523,Mobile
2025-06-21,FAQ,1519,403,Desktop
2025-06-24,Services,1758,61,Tablet
2025-07-20,Contact,1760,564,Mobile
2025-07-28,About,1124,207,Mobile
2025-07-24,Blog,1794,450,Mobile
2025-06-16,Blog,1595,139,Desktop
2025-06-11,FAQ,1681,266,Tablet
2025-06-13,Careers,1888,401,Mobile
2025-06-19,Careers,1262,309,Desktop
2025-06-29,Home,1589,404,Desktop
2025-06-08,Services,1039,561,Tablet
2025-07-24,Careers,1218,545,Desktop
2025-07-15,FAQ,1955,26,Desktop
2025-07-14,Blog,1544,102,Mobile
2025-07-04,Blog,1006,593,Tablet
2025-06-13,About,1484,281,Mobile
2025-06-12,About,1381,405,Tablet
2025-06-04,FAQ,1185,553,Desktop
2025-07-29,Contact,1828,11,Mobile
2025-07-25,FAQ,1167,210,Mobile
2025-07-04,About,1324,258,Mobile
2025-06-17,Products,1036,182,Desktop
2025-06-26,Careers,1574,407,Desktop
2025-06-16,Careers,1641,585,Tablet
2025-06-12,FAQ,1467,337,Desktop
2025-07-11,About,1389,397,Tablet
2025-07-02,Blog,1816,212,Mobile
2025-07-26,Products,1532,386,Mobile
2025-07-13,About,1226,294,Tablet
2025-06-13,About,1586,456,Desktop
2025-07-23,Home,1586,491,Desktop
2025-07-02,Contact,1857,476,Mobile
2025-07-27,About,1587,391,Desktop
2025-07-12,Blog,1997,164,Tablet
2025-07-21,Products,1609,53,Desktop
2025-06-24,FAQ,1863,415,Mobile
2025-06-14,FAQ,1630,443,Tablet
2025-07-15,Products,1420,576,Desktop
2025-06-03,Contact,1629,439,Tablet
2025-06-16,Home,1887,482,Desktop
2025-07-04,Contact,1384,571,Desktop
2025-06-25,FAQ,1936,291,Tablet
2025-07-16,Home,1233,341,Desktop
2025-07-08,Blog,1730,468,Tablet
2025-07-18,FAQ,1063,365,Mobile
2025-06-21,Contact,1381,450,Mobile
2025-06-28,Products,1891,35,Desktop
2025-07-25,About,1280,287,Desktop
2025-07-02,Products,1788,49,Tablet
2025-07-10,Careers,1708,81,Mobile
2025-06-27,About,1894,115,Desktop
2025-07-31,Careers,1201,383,Desktop
2025-06-14,Careers,1856,66,Mobile
2025-07-03,FAQ,1224,420,Mobile
2025-07-12,Contact,1260,385,Tablet
2025-06-12,Home,1142,534,Mobile
2025-07-27,Home,1152,331,Tablet
2025-07-21,Home,1959,414,Desktop
2025-07-21,Careers,1593,150,Desktop
2025-07-26,Contact,1550,88,Tablet
2025-07-07,Services,1684,330,Mobile
2025-07-26,FAQ,1448,417,Mobile
2025-06-30,Contact,1699,253,Desktop
2025-06-21,Careers,1941,322,Mobile
2025-07-25,Careers,1770,359,Desktop
2025-06-19,Careers,1473,189,Desktop
2025-06-16,Home,1086,273,Desktop
2025-06-22,Contact,1577,411,Tablet
2025-07-28,Contact,1677,434,Tablet
2025-06-29,Products,1670,502,Mobile
2025-06-30,FAQ,1472,517,Mobile
2025-07-16,FAQ,1686,599,Mobile
2025-07-20,Careers,1765,548,Mobile
2025-06-16,Blog,1536,401,Tablet
2025-07-19,Contact,1387,187,Desktop
2025-06-06,Home,1765,154,Desktop
2025-07-19,Products,1259,183,Mobile
2025-07-08,Careers,1231,233,Mobile
2025-06-16,About,1624,515,Mobile
2025-06-18,About,1004,595,Desktop
2025-06-16,Careers,1224,328,Mobile
2025-06-12,Services,1925,142,Mobile
2025-06-30,Blog,1964,328,Mobile
2025-07-11,Careers,1988,319,Mobile
2025-07-05,About,1577,141,Tablet
2025-07-28,Careers,1366,498,Tablet
2025-06-15,Home,1731,390,Tablet
2025-07-10,Careers,1711,253,Desktop
2025-06-12,Careers,1674,548,Tablet
2025-07-30,About,1961,468,Mobile
2025-06-10,Services,1012,252,Mobile
2025-07-20,About,1766,509,Tablet
2025-07-12,About,1814,308,Mobile
2025-07-02,Careers,1868,277,Desktop
2025-06-03,Home,1767,480,Mobile
2025-07-28,Services,1926,396,Desktop
2025-06-12,Services,1445,335,Mobile
2025-06-25,About,1483,204,Mobile
2025-07-30,Blog,1058,314,Tablet
2025-06-06,About,1887,549,Mobile
2025-06-29,Contact,1412,506,Desktop
2025-07-26,Home,1606,277,Tablet
2025-06-02,Products,1757,579,Tablet
2025-07-13,Home,1088,382,Tablet
2025-06-02,Services,1230,515,Mobile
2025-06-03,Services,1172,55,Tablet
2025-07-24,Blog,1628,441,Tablet
2025-07-09,FAQ,1110,276,Tablet
2025-06-06,FAQ,1163,406,Tablet
2025-07-30,FAQ,1755,60,Mobile
2025-07-20,Products,1070,267,Desktop
2025-06-16,Services,1551,502,Tablet
2025-06-20,About,1335,500,Desktop
2025-06-09,Contact,1733,458,Tablet
2025-06-10,FAQ,1876,496,Tablet
2025-06-08,Careers,1585,49,Mobile
2025-07-07,Careers,1352,132,Desktop
2025-06-23,Contact,1973,460,Tablet
2025-06-05,Products,1199,572,Desktop
2025-06-20,Careers,1913,173,Desktop
2025-06-09,Contact,1810,436,Tablet
2025-06-28,Products,1517,82,Desktop
2025-07-21,Home,1239,400,Tablet
2025-07-28,Products,1263,341,Tablet
2025-06-11,FAQ,1966,285,Mobile
2025-07-27,Blog,1452,468,Desktop
2025-06-03,Contact,1532,45,Mobile
2025-07-29,Contact,1381,136,Tablet
2025-06-15,FAQ,1346,308,Desktop
2025-06-09,Products,1620,211,Desktop
2025-07-04,Products,1949,101,Mobile
2025-07-29,Blog,1873,380,Desktop
2025-07-27,FAQ,1776,16,Desktop
2025-06-28,Careers,1370,438,Tablet
2025-06-20,Home,1767,227,Mobile
2025-06-09,Services,1441,326,Mobile
2025-07-16,Contact,1464,470,Tablet
2025-06-14,Home,1833,349,Mobile
2025-07-14,Home,1639,292,Tablet
2025-07-13,Products,1929,490,Mobile
2025-06-26,Home,1203,273,Mobile
2025-06-27,Careers,1807,568,Mobile
2025-07-15,Home,1023,432,Tablet
2025-07-23,FAQ,1075,72,Mobile
2025-06-30,Blog,1194,264,Mobile
2025-06-06,Home,1076,108,Tablet
2025-07-02,FAQ,1812,301,Desktop
2025-07-18,FAQ,1459,235,Desktop
2025-07-06,Contact,1239,108,Desktop
2025-06-15,Services,1522,451,Desktop
2025-07-20,Blog,1790,136,Tablet
2025-06-07,Products,1651,333,Tablet
2025-06-20,FAQ,1856,462,Desktop
2025-06-17,Contact,1895,89,Desktop
2025-07-05,Home,1108,415,Desktop
2025-07-22,Careers,1496,439,Mobile
2025-06-04,About,1463,591,Mobile
2025-06-28,Contact,1572,586,Tablet
2025-06-30,Products,1159,20,Tablet
2025-06-11,About,1330,538,Mobile
2025-07-12,FAQ,1871,587,Desktop
2025-07-03,Products,1349,465,Tablet
2025-06-15,Home,1558,304,Mobile
2025-07-06,Careers,1628,49,Desktop
2025-07-23,Contact,1753,374,Mobile
2025-06-04,Blog,1203,568,Mobile
2025-07-30,About,1432,117,Desktop
2025-06-10,Products,1736,331,Mobile
2025-07-28,About,1620,430,Desktop
2025-06-21,About,1386,58,Desktop
2025-07-24,Careers,1446,195,Desktop
2025-07-31,Products,1622,461,Desktop
2025-06-03,Blog,1641,450,Mobile
2025-06-18,Careers,1329,583,Mobile
2025-07-05,FAQ,1313,579,Tablet
2025-06-20,Services,1041,95,Tablet
2025-07-25,About,1735,220,Desktop
2025-07-09,Services,1979,586,Desktop
2025-07-07,Products,1226,159,Tablet
2025-07-11,Careers,1555,545,Mobile
2025-07-03,About,1227,152,Desktop
2025-07-04,Contact,1348,528,Desktop
2025-06-23,About,1347,600,Desktop
2025-07-17,Services,1159,369,Mobile
2025-07-17,FAQ,1950,557,Mobile
2025-07-31,Careers,1456,216,Desktop
2025-06-09,Blog,1468,303,Mobile
2025-06-30,Careers,1025,431,Mobile
2025-07-07,Contact,1629,23,Desktop
2025-07-18,About,1228,235,Mobile
2025-06-12,Services,1577,564,Mobile
2025-07-02,Contact,1054,23,Mobile
2025-07-07,Contact,1762,28,Mobile
2025-07-16,Blog,1302,355,Desktop
2025-06-07,Products,1368,568,Tablet
2025-06-17,Careers,1694,327,Tablet
2025-07-28,FAQ,1912,76,Desktop
2025-06-06,FAQ,1052,293,Tablet
2025-06-14,Services,1186,585,Mobile
2025-06-23,Products,1245,199,Mobile
2025-06-09,Blog,1921,500,Tablet
2025-07-20,Services,1983,17,Desktop
2025-07-23,FAQ,1699,216,Tablet
2025-07-28,About,1673,369,Mobile
2025-06-23,Blog,1615,372,Desktop
2025-07-18,Home,1311,53,Desktop
2025-07-14,Blog,1388,556,Tablet
2025-06-22,Home,1972,419,Desktop
2025-06-28,FAQ,1915,572,Mobile
2025-07-09,About,1402,27,Tablet
2025-07-07,Home,1954,252,Tablet
2025-06-06,Home,1421,598,Desktop
2025-07-12,Careers,1349,578,Desktop
2025-06-20,FAQ,1977,432,Mobile
2025-06-21,About,1703,282,Desktop
2025-06-02,Services,1370,384,Mobile
2025-07-17,About,1092,222,Mobile
2025-07-20,Blog,1810,496,Mobile
2025-07-10,Contact,1862,233,Desktop
2025-06-25,About,1182,341,Mobile
2025-07-23,Services,1274,125,Desktop
2025-06-15,Products,1369,283,Tablet
2025-06-27,Products,1732,553,Tablet
2025-07-14,Blog,1848,492,Tablet
2025-06-05,About,1670,333,Tablet
2025-06-06,Blog,1573,171,Mobile
2025-06-28,FAQ,1796,404,Tablet
2025-07-09,Products,1008,260,Mobile
2025-06-06,FAQ,1234,191,Desktop
2025-06-13,Home,1043,253,Mobile
2025-06-04,Contact,1324,262,Tablet
2025-06-23,About,1907,511,Tablet
2025-06-25,Home,1380,218,Desktop
2025-07-11,Home,1674,282,Mobile
2025-06-15,Home,1171,176,Tablet
2025-06-14,Services,1963,581,Desktop
2025-06-30,Services,1957,41,Mobile
2025-06-05,FAQ,1918,396,Desktop
2025-06-08,Blog,1607,175,Mobile
2025-07-02,About,1359,223,Desktop
2025-07-10,About,1388,76,Tablet
2025-07-10,Products,1059,162,Tablet
2025-06-16,Services,1376,97,Tablet
2025-06-26,Blog,1094,394,Desktop
2025-07-15,Services,1220,275,Mobile
2025-07-03,About,1433,545,Mobile
2025-07-28,Contact,1803,308,Mobile
2025-06-22,Products,1186,132,Mobile
2025-07-16,Contact,1641,110,Mobile
2025-07-03,Services,1940,340,Desktop
2025-07-21,About,1637,567,Tablet
2025-06-18,FAQ,1930,187,Mobile
2025-06-07,Contact,1470,577,Mobile
2025-07-01,Blog,1409,584,Desktop
2025-06-05,FAQ,1241,498,Tablet
2025-06-18,Careers,1208,286,Desktop
2025-07-14,About,1646,48,Mobile
2025-07-22,Services,1087,439,Mobile
2025-06-06,About,1653,499,Mobile
2025-06-24,Careers,1399,555,Tablet
2025-06-03,Contact,1162,589,Mobile
2025-07-15,Contact,1639,167,Tablet
2025-06-02,About,1954,332,Mobile
2025-07-07,Products,1735,318,Mobile
2025-07-23,Home,1525,18,Tablet
2025-06-03,Products,1392,468,Tablet
2025-07-19,Careers,1831,289,Mobile
2025-07-24,Services,1281,23,Tablet
2025-06-05,Home,1180,413,Tablet
2025-07-10,Blog,1644,385,Tablet
2025-06-25,Contact,1860,366,Mobile
2025-06-28,Careers,1761,186,Desktop
2025-07-12,Blog,1496,379,Desktop
2025-06-10,About,1679,363,Desktop
2025-06-29,Blog,1470,456,Desktop
2025-06-24,FAQ,1266,454,Mobile
2025-06-06,Services,1631,263,Tablet
2025-07-06,About,1213,515,Mobile
2025-07-05,Contact,1929,117,Desktop
2025-06-12,Products,1768,276,Desktop
2025-07-26,About,1089,485,Mobile
2025-07-11,Products,1286,306,Tablet
2025-07-11,FAQ,1870,408,Mobile
2025-06-22,Blog,1766,579,Desktop
2025-07-25,FAQ,1520,212,Tablet
2025-06-20,Contact,1114,503,Tablet
2025-07-31,Products,1794,566,Desktop
2025-07-10,Blog,1923,418,Desktop
2025-06-25,About,1534,415,Tablet
2025-06-24,Blog,1943,163,Mobile
2025-07-26,Blog,1224,45,Tablet
2025-07-11,Home,1596,252,Desktop
2025-07-18,Products,1110,226,Desktop
2025-06-15,Services,1438,298,Mobile
2025-06-14,Careers,1016,237,Desktop
2025-06-26,Home,1080,353,Desktop
2025-07-21,Contact,1932,321,Mobile
2025-06-10,FAQ,1872,58,Desktop
2025-07-11,Careers,1025,304,Mobile
2025-07-01,Services,1965,570,Desktop
2025-07-20,FAQ,1775,600,Tablet
2025-06-03,Products,1269,23,Tablet
2025-06-13,Contact,1396,209,Mobile
2025-06-16,Services,1426,148,Mobile
2025-06-07,About,1484,49,Tablet
2025-06-21,Blog,1325,348,Tablet
2025-06-22,Careers,1825,530,Mobile
2025-07-10,Blog,1307,439,Desktop
2025-06-20,FAQ,1799,157,Tablet
2025-07-04,FAQ,1979,428,Desktop
2025-07-15,About,1139,426,Desktop
2025-07-30,Blog,1162,125,Tablet
2025-06-30,FAQ,1389,310,Tablet
2025-07-20,Blog,1689,389,Desktop
2025-06-27,Careers,1978,522,Tablet
2025-06-25,FAQ,1628,475,Mobile
2025-07-11,Home,1780,447,Mobile
2025-07-17,FAQ,1849,464,Desktop
2025-07-22,Careers,1144,293,Tablet
2025-06-11,About,1479,262,Tablet
2025-07-02,Products,1114,275,Tablet
2025-06-23,Products,1530,209,Tablet
2025-06-29,Services,1330,450,Mobile
2025-06-09,Contact,1274,413,Mobile
2025-06-17,About,1376,520,Mobile
2025-06-15,Blog,1821,184,Tablet
2025-06-20,Services,1573,308,Mobile
2025-07-15,Blog,1121,276,Mobile
2025-07-16,About,1371,445,Tablet
2025-07-01,Products,1219,310,Mobile
2025-07-14,About,1143,92,Mobile
2025-07-11,Services,1149,380,Desktop
2025-07-09,Home,1757,454,Mobile
2025-06-20,About,1621,195,Tablet
2025-06-19,Careers,1238,329,Desktop
2025-07-19,FAQ,1741,313,Tablet
2025-07-11,Contact,1204,211,Tablet
2025-06-08,Services,1485,408,Mobile
2025-07-05,Contact,1402,105,Tablet
2025-07-22,Products,1831,435,Desktop
2025-07-10,Blog,1514,529,Desktop
2025-06-28,Blog,1819,171,Tablet
2025-07-20,Contact,1268,165,Mobile
2025-07-08,About,1412,118,Mobile
2025-06-04,Services,1347,488,Desktop
2025-06-26,Blog,1132,224,Desktop
2025-07-13,FAQ,1516,170,Desktop
2025-07-10,Careers,1979,582,Tablet
2025-07-22,Blog,1295,132,Desktop
2025-07-15,Home,1860,457,Mobile
2025-07-14,FAQ,1288,577,Mobile
2025-06-16,About,1790,199,Mobile
2025-06-27,Products,1973,437,Desktop
2025-06-12,Blog,1389,41,Mobile
2025-07-04,Blog,1961,383,Tablet
2025-06-03,Careers,1369,158,Mobile
2025-07-06,FAQ,1070,146,Tablet
2025-06-27,Contact,1550,231,Mobile
2025-06-06,Services,1283,368,Tablet
2025-06-16,Home,1713,488,Desktop
2025-07-08,Blog,1082,386,Desktop
2025-07-09,Careers,1744,589,Tablet
2025-06-02,About,1977,65,Desktop
2025-06-11,Blog,1135,112,Mobile
2025-07-05,Services,1501,244,Mobile
2025-06-10,Careers,1357,366,Tablet
2025-06-13,Careers,1945,349,Mobile
2025-06-22,Contact,1420,141,Desktop
2025-06-12,Services,1459,151,Desktop
2025-07-16,Blog,1305,358,Mobile
2025-06-15,About,1972,573,Tablet
2025-06-10,Products,1503,411,Tablet
2025-07-01,Careers,1570,232,Mobile
2025-07-26,FAQ,1052,145,Mobile
2025-06-04,Products,1371,196,Desktop
2025-06-26,Contact,1945,540,Tablet
2025-07-12,Blog,1435,384,Mobile
2025-06-27,Contact,1402,198,Tablet
2025-07-03,Home,1603,54,Desktop
2025-07-16,About,1806,35,Mobile
2025-07-26,Home,1279,592,Tablet
2025-06-23,Products,1357,96,Mobile
2025-07-20,FAQ,1463,421,Mobile
2025-06-11,Services,1870,344,Mobile
2025-07-24,Services,1140,201,Desktop
2025-07-01,Home,1913,166,Tablet
2025-06-02,Home,1469,268,Mobile
2025-06-08,Blog,1043,317,Tablet
2025-06-09,Products,1734,105,Mobile
2025-06-15,Services,1336,49,Desktop
2025-06-26,About,1872,415,Mobile
2025-06-09,Home,1798,590,Desktop
2025-07-16,Careers,1551,544,Desktop
2025-07-12,Contact,1128,561,Desktop
2025-06-07,About,1256,70,Desktop
2025-07-18,Careers,1016,482,Mobile
2025-06-05,Products,1533,10,Tablet
2025-06-23,Careers,1229,116,Tablet
2025-07-31,Home,1851,463,Desktop
2025-07-24,Products,1269,585,Tablet
2025-06-03,Products,1097,212,Desktop
2025-06-19,Home,1150,213,Tablet
2025-07-31,FAQ,1316,327,Desktop
2025-07-29,Contact,1008,191,Mobile
2025-06-03,Careers,1751,60,Desktop
2025-07-23,FAQ,1455,590,Tablet
2025-06-11,Careers,1375,421,Desktop
2025-07-11,Careers,1236,472,Desktop
2025-06-11,Contact,1153,216,Desktop
2025-06-03,About,1077,387,Tablet
2025-06-18,Home,1321,146,Mobile
2025-06-05,Products,1885,175,Desktop
2025-06-19,Home,1721,315,Tablet
2025-07-13,Services,1928,325,Tablet
2025-06-03,About,1483,177,Desktop
2025-07-22,Services,1339,503,Desktop
2025-07-21,Contact,1937,531,Tablet
2025-07-11,Blog,1374,227,Mobile
2025-06-08,About,1269,32,Desktop
2025-07-27,Home,1953,135,Mobile
2025-07-29,About,1492,220,Tablet
2025-06-15,Products,1486,466,Desktop
2025-07-30,FAQ,1505,361,Mobile
2025-06-10,Services,1634,185,Tablet
2025-06-16,Contact,1554,180,Desktop
2025-07-17,Services,1686,380,Desktop
2025-07-02,Contact,1801,278,Tablet
2025-07-10,Blog,1566,405,Tablet
2025-07-09,Contact,1355,102,Tablet
2025-06-25,Products,1796,360,Tablet
2025-07-09,Careers,1388,246,Tablet
2025-07-27,Careers,1303,102,Tablet
2025-07-03,About,1728,373,Tablet
2025-07-26,Blog,1072,340,Tablet
2025-07-25,Home,1744,496,Mobile
2025-07-05,Services,1569,559,Mobile
2025-07-25,Blog,1378,490,Desktop
2025-06-27,Home,1858,535,Desktop
2025-06-25,Blog,1185,219,Mobile
2025-06-21,Contact,1300,223,Mobile
2025-06-05,Careers,1358,273,Mobile
2025-06-21,Home,1577,376,Tablet
2025-06-03,Blog,1183,440,Tablet
2025-07-03,FAQ,1452,578,Desktop
2025-06-21,Careers,1967,85,Mobile
2025-06-25,Careers,1193,559,Tablet
2025-07-16,Services,1552,600,Desktop
2025-06-28,Careers,1504,113,Tablet
2025-06-27,Blog,1994,230,Mobile
2025-06-02,Contact,1803,290,Desktop
2025-06-18,FAQ,1979,45,Tablet
2025-07-24,FAQ,1114,162,Tablet
2025-07-15,About,1687,440,Mobile
2025-06-08,Contact,1563,153,Mobile
2025-07-04,Home,1771,36,Desktop
2025-07-19,FAQ,1627,129,Mobile
2025-07-01,About,1324,432,Mobile
2025-06-02,Services,1517,455,Mobile
2025-07-02,Products,1085,383,Tablet
2025-07-06,Contact,1130,451,Desktop
2025-07-28,Careers,1216,483,Tablet
2025-07-07,Careers,1590,277,Desktop
2025-06-29,About,1997,273,Desktop
2025-06-15,Home,1066,173,Tablet
2025-06-10,Contact,1680,328,Tablet
2025-06-03,Home,1186,332,Desktop
2025-06-19,Contact,1113,107,Mobile
2025-06-15,Products,1878,85,Mobile
2025-06-03,FAQ,1675,84,Mobile
2025-06-05,Contact,1580,17,Desktop
2025-07-07,FAQ,1792,148,Mobile
2025-06-17,Services,1879,122,Tablet
2025-07-01,Home,1976,166,Desktop
2025-07-21,Products,1063,296,Tablet
2025-07-25,Products,1995,141,Tablet
2025-07-22,Products,1292,50,Mobile
2025-06-04,Careers,1615,56,Mobile
2025-07-16,Home,1721,599,Tablet
2025-06-06,Home,1365,414,Desktop
2025-06-29,About,1883,163,Tablet
2025-06-07,Products,1920,92,Desktop
2025-06-07,FAQ,1825,70,Desktop
2025-06-30,Careers,1669,247,Desktop
2025-07-16,About,1034,422,Desktop
2025-06-13,Products,1679,596,Mobile
2025-06-02,Careers,1141,101,Desktop
2025-06-24,FAQ,1601,314,Desktop
2025-07-28,FAQ,1602,323,Desktop
2025-07-23,FAQ,1504,274,Mobile
2025-06-05,About,1711,111,Tablet
2025-06-22,FAQ,1786,75,Tablet
2025-06-23,Blog,1098,542,Mobile
2025-07-18,Blog,1804,446,Tablet
2025-06-04,Products,1815,317,Desktop
2025-06-24,Blog,1911,298,Tablet
2025-07-30,Contact,1337,447,Tablet
2025-07-17,Careers,1325,583,Mobile
2025-07-31,Careers,1724,46,Desktop
2025-06-15,About,1298,51,Desktop
2025-06-14,Services,1171,115,Tablet
2025-07-25,Services,1341,78,Desktop
2025-07-05,Products,1805,457,Tablet
2025-07-14,About,1463,363,Mobile
2025-07-23,Products,1823,35,Mobile
2025-06-04,Products,1285,53,Tablet
2025-06-26,Careers,1363,449,Desktop
2025-06-16,Contact,1190,500,Mobile
2025-06-13,Home,1201,559,Tablet
2025-06-05,Contact,1262,265,Mobile
2025-06-20,Contact,1831,172,Tablet
2025-06-07,Home,1669,256,Mobile
2025-06-24,About,1303,287,Desktop
2025-06-06,Services,1828,381,Tablet
2025-06-28,Services,1471,594,Desktop
2025-06-03,FAQ,1129,291,Desktop
2025-07-21,Services,1114,68,Tablet
2025-07-29,Careers,1235,583,Desktop
2025-07-28,Careers,1931,128,Tablet
2025-06-19,Services,1782,96,Desktop
2025-06-10,FAQ,1229,272,Tablet
2025-07-09,Contact,1385,272,Tablet
2025-07-24,Products,1307,412,Tablet
2025-06-25,Careers,1443,452,Mobile
2025-06-22,Contact,1826,471,Tablet
2025-07-05,Home,1195,341,Desktop
2025-07-22,Home,1108,409,Mobile
2025-07-21,Home,1438,350,Desktop
2025-07-31,FAQ,1728,271,Desktop
2025-06-23,About,1067,172,Tablet
2025-07-04,About,1622,224,Tablet
2025-07-25,About,1702,211,Desktop
2025-06-28,Contact,1210,195,Tablet
2025-07-16,Contact,1110,192,Desktop
2025-07-11,Blog,1995,21,Desktop
2025-06-11,Home,1448,70,Desktop
2025-06-17,Contact,1390,471,Tablet
2025-07-22,About,1191,212,Mobile
2025-06-14,About,1452,198,Mobile
2025-07-13,Products,1251,296,Mobile
2025-07-17,FAQ,1919,26,Tablet
2025-06-05,Contact,1503,211,Desktop
2025-07-11,Blog,1002,22,Tablet
2025-06-05,Contact,1402,321,Mobile
2025-07-17,Careers,1250,532,Desktop
2025-07-26,FAQ,1410,92,Mobile
2025-07-24,Services,1374,196,Tablet
2025-07-01,Blog,1055,591,Tablet
2025-06-06,Products,1279,326,Desktop
2025-06-15,Careers,1005,182,Mobile
2025-06-15,Blog,1350,12,Tablet
2025-07-18,Services,1602,207,Tablet
2025-06-19,Services,1748,348,Mobile
2025-06-04,About,1841,342,Mobile
2025-06-22,Products,1614,135,Mobile
2025-06-26,Blog,1547,509,Desktop
2025-06-30,Contact,1440,290,Desktop
2025-07-04,Blog,1104,465,Tablet
2025-06-24,Home,1184,369,Mobile
2025-07-24,Services,1116,567,Desktop
2025-07-19,Services,1240,142,Mobile
2025-07-03,Home,1076,425,Tablet
2025-06-21,Services,1111,166,Mobile
2025-06-05,Contact,1210,440,Tablet
2025-06-27,Blog,1139,245,Desktop
2025-07-23,Contact,1449,413,Desktop
2025-06-04,Services,1185,193,Tablet
2025-06-08,Blog,1226,426,Mobile
2025-07-05,Products,1611,113,Mobile
2025-07-09,Contact,1753,149,Mobile
2025-06-19,Contact,1754,111,Mobile
2025-06-29,Products,1865,218,Mobile
2025-06-09,Blog,1234,72,Mobile
2025-06-27,Careers,1294,594,Mobile
2025-07-10,Careers,1340,161,Mobile
2025-06-16,Products,1423,149,Mobile
2025-06-21,FAQ,1423,58,Tablet
2025-07-14,Services,1780,301,Tablet
2025-06-28,Careers,1566,513,Mobile
2025-07-30,Blog,1544,588,Desktop
2025-07-29,Blog,1789,203,Desktop
2025-06-18,Blog,1389,340,Tablet
2025-06-20,Products,1519,291,Desktop
2025-07-07,Blog,1875,387,Desktop
2025-07-02,FAQ,1279,75,Tablet
2025-07-23,About,1498,80,Tablet
2025-06-09,FAQ,1985,39,Desktop
2025-06-25,Blog,1339,159,Mobile
2025-07-05,Contact,1566,244,Tablet
2025-06-26,Services,1530,408,Desktop
2025-07-07,Services,1677,211,Desktop
2025-06-03,Careers,1181,266,Desktop
2025-06-26,Careers,1079,357,Tablet
2025-06-22,Services,1822,379,Tablet
2025-07-26,About,1996,301,Desktop
2025-07-06,Careers,1380,367,Desktop
2025-07-24,FAQ,1069,226,Desktop
2025-07-23,Products,1268,441,Tablet
2025-07-13,Products,1336,205,Tablet
2025-07-01,Products,1880,160,Mobile
2025-06-30,Home,1441,122,Tablet
2025-06-19,Products,1041,263,Tablet
2025-07-29,FAQ,1316,565,Desktop
2025-07-25,Home,1888,285,Tablet
2025-07-03,FAQ,1738,443,Mobile
2025-07-23,Careers,1616,407,Mobile
2025-06-23,Products,1219,169,Desktop
2025-07-14,Services,1447,397,Desktop
2025-07-10,About,1191,387,Desktop
2025-06-10,About,1832,179,Desktop
2025-06-16,Products,1066,304,Tablet
2025-06-11,Contact,1805,430,Desktop
2025-06-14,Services,1939,42,Mobile
2025-07-31,Products,1259,575,Tablet
2025-07-19,Careers,1692,140,Desktop
2025-06-11,Contact,1697,352,Mobile
2025-07-23,Blog,1842,226,Desktop
2025-06-21,Careers,1878,91,Tablet
2025-07-08,Blog,1735,349,Mobile
2025-07-24,FAQ,1539,495,Mobile
2025-07-27,Home,1926,59,Desktop
2025-07-22,Careers,1950,318,Tablet
2025-06-04,Blog,1818,388,Tablet
2025-07-27,Products,1505,261,Desktop
2025-07-28,Home,1105,68,Mobile
2025-07-07,Services,1001,293,Mobile
2025-06-13,About,1183,230,Desktop
2025-07-02,Blog,1152,214,Tablet
2025-06-21,FAQ,1820,146,Tablet
2025-07-12,FAQ,1403,579,Desktop
2025-06-27,FAQ,1987,21,Tablet
2025-06-20,Products,1403,234,Mobile
2025-07-27,FAQ,1266,55,Desktop
2025-07-25,Home,1350,555,Desktop
2025-06-08,FAQ,1101,96,Tablet
2025-07-28,Products,1254,589,Tablet
2025-06-17,FAQ,1882,436,Tablet
2025-07-06,Home,1936,380,Mobile
2025-07-10,Home,1169,72,Mobile
2025-06-11,FAQ,1118,23,Tablet
2025-07-11,Services,1564,225,Tablet
2025-06-11,FAQ,1803,357,Mobile
2025-06-12,Services,1535,59,Mobile
2025-06-11,FAQ,1741,17,Tablet
2025-06-22,Careers,1355,569,Tablet
2025-06-10,FAQ,1511,180,Mobile
2025-07-03,FAQ,1888,24,Desktop
2025-07-20,FAQ,1386,256,Mobile
2025-07-29,About,1363,376,Desktop
2025-06-30,Products,1585,285,Mobile
2025-07-11,Home,1140,272,Tablet
2025-06-17,Blog,1148,188,Tablet
2025-07-19,FAQ,1229,77,Tablet
2025-06-03,About,1258,229,Tablet
2025-06-12,About,1559,376,Desktop
2025-07-09,Contact,1363,11,Tablet
2025-06-08,Services,1285,381,Desktop
2025-06-22,About,1098,130,Mobile
2025-07-19,Products,1675,386,Mobile
2025-07-21,Blog,1341,79,Tablet
2025-07-01,Products,1875,499,Mobile
2025-06-22,Products,1857,284,Mobile
2025-06-15,About,1978,409,Desktop
2025-07-20,Services,1400,21,Tablet
2025-06-18,Careers,1900,319,Tablet
2025-07-30,Products,1303,366,Desktop
2025-06-12,Services,1705,118,Tablet
2025-06-23,Services,1298,479,Mobile
2025-07-14,Home,1423,517,Tablet
2025-07-30,FAQ,1543,238,Desktop
2025-06-03,Services,1775,524,Mobile
2025-06-05,Services,1409,600,Mobile
2025-06-15,Home,1359,489,Desktop
2025-07-22,Home,1820,206,Desktop
2025-06-12,Home,1518,26,Mobile
2025-06-12,Careers,1203,273,Mobile
2025-06-26,Services,1442,233,Desktop
2025-06-28,Blog,1790,284,Mobile
2025-06-13,About,1937,220,Desktop
2025-07-07,Services,1874,331,Tablet
2025-06-13,Careers,1329,267,Tablet
2025-07-25,Blog,1272,13,Tablet
2025-07-02,Careers,1358,328,Desktop
2025-06-03,Products,1954,399,Mobile
2025-07-17,About,1253,584,Mobile
2025-07-26,Blog,1060,502,Mobile
2025-06-30,Contact,1227,364,Tablet
2025-07-06,Products,1566,513,Tablet
2025-06-28,FAQ,1019,515,Desktop
2025-07-05,Careers,1819,391,Desktop
2025-07-26,Products,1312,102,Mobile
2025-06-07,About,1391,215,Tablet
2025-06-15,About,1470,522,Mobile
2025-07-06,FAQ,1399,181,Mobile
2025-07-23,Careers,1785,269,Desktop
2025-07-11,About,1114,393,Desktop
2025-07-24,Home,1177,12,Tablet
2025-07-31,About,1735,128,Mobile
2025-06-27,Careers,1466,379,Mobile
2025-07-07,Contact,1486,586,Tablet
2025-06-20,FAQ,1076,594,Tablet
2025-06-07,About,1367,109,Tablet
2025-07-19,Home,1927,414,Tablet
2025-06-02,Home,1493,460,Desktop
2025-07-17,Careers,1859,360,Tablet
2025-07-29,Contact,1125,184,Desktop
2025-06-09,Home,1458,391,Tablet
2025-06-13,Contact,1169,79,Desktop
2025-07-04,Blog,1471,452,Mobile
2025-06-11,FAQ,1780,278,Desktop
2025-07-09,Home,1017,403,Desktop
2025-06-10,Services,1092,65,Desktop
2025-07-24,FAQ,1092,274,Mobile
2025-06-03,About,1094,493,Mobile
2025-06-19,Blog,1841,42,Tablet
2025-07-13,Products,1808,12,Tablet
2025-06-11,Careers,1830,359,Mobile
2025-06-15,Blog,1803,548,Mobile
2025-07-31,About,1390,236,Desktop
2025-06-23,Careers,1609,432,Mobile
2025-07-07,Careers,1776,145,Desktop
2025-07-05,Contact,1620,188,Mobile
2025-07-03,Products,1234,226,Desktop
2025-06-21,Careers,1007,483,Tablet
2025-07-06,Careers,1410,355,Tablet
2025-06-09,FAQ,1034,50,Mobile
2025-06-20,Services,1335,208,Desktop
2025-07-11,Products,1815,189,Mobile
2025-06-10,Home,2000,193,Desktop
2025-06-28,FAQ,1757,520,Mobile
2025-07-18,Products,1304,333,Tablet
2025-07-19,Blog,1270,158,Mobile
2025-07-19,Blog,1223,147,Mobile
2025-07-21,Contact,1392,184,Mobile
2025-07-24,Careers,1067,171,Desktop
2025-07-04,Careers,1831,357,Mobile
2025-06-29,FAQ,1460,362,Tablet
2025-06-19,About,1229,579,Mobile
2025-07-30,Blog,1801,388,Tablet
2025-06-28,Careers,1992,243,Desktop
2025-06-11,Home,1111,172,Mobile
2025-07-14,About,1728,409,Mobile
2025-06-15,Products,1692,380,Mobile
2025-06-03,About,1775,546,Mobile
2025-06-17,Services,1072,457,Mobile
2025-07-05,FAQ,1998,393,Mobile
2025-07-29,Home,1435,569,Tablet
2025-07-05,Services,1841,566,Tablet
2025-07-15,Home,1356,82,Desktop
2025-07-15,Blog,1809,75,Tablet
2025-07-03,Blog,1090,396,Desktop
2025-07-23,Contact,1158,395,Tablet
2025-06-25,Home,1703,141,Mobile
2025-07-31,Contact,1549,549,Tablet
2025-06-17,Home,1029,113,Tablet
2025-06-23,Home,1092,593,Desktop
2025-07-09,FAQ,1249,538,Mobile
2025-07-21,Blog,1153,384,Mobile
2025-07-30,Careers,1399,506,Desktop
2025-07-07,Blog,1366,584,Desktop
2025-07-17,Home,1601,562,Tablet
2025-06-06,Careers,1688,455,Mobile
2025-06-09,Blog,1455,377,Tablet
2025-06-06,FAQ,1313,428,Tablet
2025-07-20,FAQ,1614,339,Mobile
2025-07-11,Careers,1356,17,Tablet
2025-07-21,Careers,1985,271,Mobile
2025-07-27,Home,1226,317,Desktop
2025-06-04,Blog,1770,464,Tablet
2025-06-03,Home,1908,92,Mobile
2025-07-03,Careers,1703,351,Mobile
2025-07-19,FAQ,1943,484,Tablet
2025-07-16,Home,1219,199,Desktop
2025-06-06,Careers,1086,456,Tablet
2025-06-07,Careers,1254,532,Mobile
2025-06-11,Contact,1973,21,Desktop
2025-06-07,Careers,1816,37,Mobile
2025-07-01,Products,1384,497,Mobile
2025-07-11,Careers,1130,220,Mobile
2025-06-17,Home,1032,529,Mobile
2025-07-29,About,1677,501,Tablet
2025-06-07,Careers,1126,169,Tablet
2025-07-13,Products,1541,188,Desktop
2025-06-10,Products,1996,334,Desktop
2025-06-25,About,1614,424,Tablet
2025-06-20,Products,1158,243,Tablet
2025-07-31,Blog,1559,509,Desktop
2025-07-02,FAQ,1647,155,Tablet
2025-07-24,FAQ,1940,414,Tablet
2025-06-14,Blog,1930,180,Desktop
2025-07-31,Blog,1323,188,Mobile
2025-07-22,Home,1123,315,Desktop
2025-06-09,Contact,1992,435,Mobile
2025-06-19,Blog,1944,523,Mobile
2025-06-15,Blog,1792,494,Tablet
2025-07-15,Home,1066,45,Desktop
2025-06-17,Services,1681,371,Mobile
2025-06-14,Contact,1808,278,Mobile
2025-07-02,Services,1155,511,Desktop
2025-07-05,Home,1708,526,Mobile
2025-06-24,Products,1668,56,Tablet
2025-07-15,FAQ,1970,188,Mobile
2025-07-12,About,1891,157,Tablet
2025-07-04,Products,1720,222,Tablet
2025-07-23,Careers,1357,240,Tablet
2025-06-08,FAQ,1902,584,Desktop
2025-06-11,Careers,1537,170,Tablet
2025-07-16,Services,1650,20,Desktop
2025-06-05,Home,1996,566,Tablet
2025-06-26,Careers,1251,38,Mobile
2025-06-11,Products,1338,433,Tablet
2025-07-17,Blog,1323,471,Mobile
2025-07-28,Home,1885,383,Mobile
2025-06-07,FAQ,1729,569,Tablet
2025-06-29,Careers,1467,87,Mobile
2025-07-13,Home,1298,401,Mobile
2025-07-14,Products,1685,464,Mobile
2025-07-03,Careers,1871,556,Tablet
2025-06-29,Blog,1810,580,Desktop
2025-07-01,Careers,1308,382,Desktop
2025-07-18,FAQ,1893,22,Desktop
2025-07-12,Careers,1288,122,Desktop
2025-06-07,Services,1884,426,Mobile
2025-06-28,Products,1731,256,Tablet
2025-07-23,Careers,1475,207,Desktop
2025-06-30,Home,1454,204,Desktop
2025-06-09,About,1020,69,Mobile
2025-06-29,Products,1276,143,Desktop
2025-06-07,FAQ,1837,566,Mobile
2025-06-21,Services,1831,212,Mobile
2025-06-15,Careers,1314,424,Desktop
2025-07-24,Contact,1795,407,Desktop
2025-07-21,Home,1021,172,Tablet
2025-06-14,Services,1938,175,Desktop
2025-07-26,Products,1579,269,Desktop
2025-07-02,Careers,1993,76,Tablet
2025-07-10,Home,1227,299,Mobile
2025-06-19,About,1462,547,Desktop
2025-07-25,Services,1180,16,Tablet
2025-06-27,Blog,1433,20,Mobile
2025-06-02,Blog,1227,579,Mobile
2025-06-15,Home,1864,294,Tablet
2025-07-29,Home,1257,88,Mobile
2025-06-07,About,1648,572,Desktop
2025-06-18,Contact,1121,431,Tablet
2025-06-07,Home,1572,328,Tablet
2025-06-04,Careers,1402,148,Desktop
2025-07-03,Home,1497,101,Mobile
2025-07-16,About,1183,217,Mobile
2025-07-07,Home,1633,70,Mobile
2025-07-14,Careers,1335,22,Desktop
2025-07-06,FAQ,1659,34,Tablet
2025-07-19,About,1604,411,Mobile
2025-06-26,Services,1044,62,Tablet
2025-06-29,About,1519,546,Tablet
2025-06-28,Contact,1195,580,Desktop
2025-07-26,FAQ,1604,273,Mobile
2025-06-28,Contact,1644,480,Mobile
2025-07-22,Contact,1695,399,Tablet
2025-07-14,Contact,1033,192,Mobile
2025-06-23,Contact,1188,435,Desktop
2025-06-21,FAQ,1486,189,Tablet
2025-07-06,Contact,1839,103,Tablet
2025-06-04,Services,1302,350,Tablet
2025-07-03,Blog,1227,387,Tablet
2025-07-23,Careers,1652,461,Mobile
2025-06-22,Contact,1915,248,Desktop
2025-07-07,Services,1615,254,Mobile
2025-07-07,About,1682,339,Tablet
2025-07-10,Home,1613,565,Tablet
2025-07-24,Products,1239,230,Desktop
2025-06-16,Services,1452,307,Tablet
2025-06-05,Careers,1196,487,Tablet
2025-06-27,FAQ,1057,137,Mobile
2025-06-29,About,1686,63,Tablet
2025-07-22,Contact,1522,569,Tablet
2025-06-14,Services,1331,337,Mobile
2025-07-07,Careers,1253,99,Tablet
2025-06-13,About,1716,182,Mobile
2025-07-28,FAQ,1368,171,Tablet
2025-06-16,About,1755,508,Mobile
2025-07-15,Services,1244,428,Mobile
2025-06-24,Careers,1160,151,Mobile
2025-07-10,Services,1956,290,Tablet
2025-07-01,Products,1576,92,Desktop
2025-07-05,About,1985,270,Tablet
2025-06-29,About,1170,93,Desktop
2025-07-30,Home,1487,531,Desktop
2025-07-06,Home,1866,44,Tablet
2025-07-09,Contact,1363,567,Tablet
2025-07-18,Blog,1788,324,Mobile
2025-07-08,Services,1262,244,Tablet
2025-07-17,FAQ,1674,129,Tablet
2025-06-30,Blog,1494,60,Mobile
2025-07-18,Services,1799,68,Tablet
2025-06-09,Blog,1736,69,Tablet
2025-07-26,FAQ,1980,129,Tablet
2025-06-20,Services,1921,342,Mobile
2025-06-21,Contact,1873,523,Tablet
2025-06-17,Products,1615,35,Mobile
2025-06-11,Services,1405,207,Mobile
2025-06-04,Careers,1156,380,Tablet
2025-07-25,About,1967,47,Tablet
2025-07-04,Contact,1768,272,Mobile
2025-07-25,Products,1057,211,Tablet
2025-06-11,Services,1495,408,Tablet
2025-06-29,Blog,1768,37,Desktop
2025-07-14,Services,1216,529,Mobile
2025-06-24,Blog,1061,482,Mobile
2025-07-26,Products,1235,144,Mobile
2025-07-12,Contact,1059,416,Desktop
2025-07-05,Contact,1767,288,Mobile
2025-07-23,FAQ,1367,430,Mobile
2025-06-22,Careers,1784,531,Tablet
2025-06-15,FAQ,1784,380,Tablet
2025-07-08,FAQ,1035,267,Desktop
2025-07-22,Home,1869,454,Mobile
2025-06-27,Products,1057,359,Tablet
2025-06-05,Contact,1760,11,Mobile
2025-06-24,Products,1972,181,Mobile
2025-06-30,Home,1128,562,Mobile
2025-07-24,Contact,1768,303,Desktop
2025-06-10,Products,1940,320,Tablet
2025-07-19,FAQ,1689,153,Mobile
2025-07-03,Careers,1607,169,Tablet
2025-07-17,Careers,1222,218,Desktop
2025-07-03,Careers,1009,501,Mobile
2025-07-04,Careers,1103,550,Tablet
2025-06-19,Careers,1305,358,Desktop
2025-07-24,Contact,1962,292,Tablet
2025-07-21,Careers,1457,589,Tablet
2025-07-14,Careers,1925,574,Tablet
2025-07-10,Contact,1410,310,Mobile
2025-06-16,Services,1156,522,Desktop
2025-06-15,About,1384,242,Tablet
2025-06-11,FAQ,1191,435,Mobile
2025-06-13,FAQ,1060,34,Tablet
2025-06-22,Contact,1285,204,Mobile
2025-06-08,Contact,1151,406,Tablet
2025-06-30,Home,1969,345,Mobile
2025-07-30,Contact,1294,202,Tablet
2025-06-25,Services,1255,21,Desktop
2025-06-23,Blog,1982,245,Tablet
2025-07-27,Home,1131,561,Tablet
2025-06-09,Services,1232,479,Desktop
2025-07-26,Products,1845,558,Mobile
2025-06-28,FAQ,1967,285,Mobile
2025-07-15,About,1108,125,Desktop
2025-07-13,Services,1312,518,Tablet
2025-07-16,Contact,1610,376,Mobile
2025-06-06,Careers,1036,86,Tablet
2025-06-17,Blog,1272,431,Mobile
2025-07-15,About,1914,259,Mobile
2025-06-07,Products,1778,386,Mobile
2025-07-16,Home,1823,43,Desktop
2025-06-25,Blog,1914,482,Tablet
2025-06-19,FAQ,1206,272,Tablet
2025-06-02,Careers,1644,38,Desktop
2025-06-26,FAQ,1161,510,Tablet
2025-07-02,Careers,1707,245,Mobile
2025-06-13,Products,1943,430,Desktop
2025-07-20,Careers,1766,487,Desktop
2025-06-02,Careers,1857,221,Tablet
2025-07-31,Careers,1443,279,Tablet
2025-07-12,Blog,1794,534,Tablet
2025-06-07,Home,1714,432,Mobile
2025-06-18,Products,1997,280,Desktop
2025-06-29,Contact,1082,536,Desktop
2025-07-23,Products,1080,116,Desktop
2025-06-22,Products,1712,256,Desktop
2025-07-13,Products,1689,19,Mobile
2025-07-18,Blog,1081,462,Desktop
2025-06-26,Careers,1108,313,Tablet
2025-06-06,FAQ,1885,316,Mobile
2025-07-04,Home,1956,596,Desktop
2025-07-29,Products,1437,371,Mobile
2025-06-20,FAQ,1015,381,Tablet
2025-07-31,Services,1069,198,Mobile
2025-06-20,Products,1267,325,Desktop
2025-06-09,Careers,1341,396,Desktop
2025-06-16,Careers,1493,551,Mobile
2025-07-18,Services,1673,66,Tablet
2025-07-01,Careers,1398,540,Mobile
2025-06-16,FAQ,1415,195,Desktop
2025-06-06,Contact,1784,361,Desktop
2025-06-12,About,1205,110,Desktop
2025-07-24,Services,1996,232,Desktop
2025-07-21,Contact,1629,382,Tablet
2025-07-04,Blog,1640,439,Mobile
2025-06-09,Home,1997,240,Mobile
2025-07-13,Blog,1096,107,Mobile
2025-07-11,Careers,1442,565,Desktop
2025-07-27,Products,1842,437,Desktop
2025-06-09,Careers,1878,309,Desktop
2025-07-14,Services,1350,190,Tablet
2025-06-13,Products,1121,397,Desktop
2025-07-07,Services,1052,111,Mobile
2025-07-08,Home,1013,497,Mobile
2025-07-05,FAQ,1974,275,Desktop
2025-07-11,Services,1488,533,Mobile
2025-06-24,Services,1667,372,Tablet
2025-07-27,Products,1756,326,Desktop
2025-07-16,Products,1131,217,Mobile
2025-07-20,About,1615,440,Tablet
2025-06-06,Careers,1702,526,Tablet
2025-07-10,Products,1409,258,Desktop
2025-07-25,Services,1437,575,Desktop
2025-07-28,Home,1033,53,Desktop
2025-07-26,Home,1956,350,Desktop
2025-07-23,Contact,1139,476,Tablet
2025-06-09,Blog,1874,231,Desktop
2025-06-03,Contact,1195,239,Mobile
2025-06-07,Blog,1221,366,Mobile
2025-06-14,Home,1960,561,Desktop
2025-06-27,Blog,1798,134,Desktop
2025-07-30,Products,1042,41,Tablet
2025-07-25,Home,1877,370,Tablet
2025-07-06,Blog,1305,498,Tablet
2025-07-11,Careers,1493,407,Desktop
2025-06-30,Careers,1626,435,Tablet
2025-07-06,Blog,1360,36,Mobile
2025-06-27,Services,1280,194,Mobile
2025-07-28,Home,1541,400,Mobile
2025-06-07,About,1942,341,Mobile
2025-06-14,Blog,1089,510,Tablet
2025-07-31,About,1401,549,Desktop
2025-07-21,Home,1819,315,Mobile
2025-07-18,Blog,1874,420,Mobile
2025-07-26,Contact,1439,305,Mobile
2025-07-01,Services,1800,314,Desktop
2025-06-23,Contact,1774,113,Desktop
2025-07-05,Blog,1902,383,Mobile
2025-06-29,Products,1715,306,Tablet
2025-07-01,Careers,1307,453,Desktop
2025-06-04,Careers,1049,538,Desktop
2025-07-22,Services,1211,329,Mobile
2025-07-18,FAQ,1527,75,Desktop
2025-06-11,Products,1181,282,Desktop
2025-06-06,Careers,1951,92,Mobile
2025-06-06,Products,1521,563,Tablet
2025-07-27,Contact,1170,565,Tablet
2025-06-26,FAQ,1974,516,Mobile
2025-06-14,FAQ,1737,539,Tablet
2025-06-06,Careers,1210,391,Desktop
2025-07-08,About,1996,445,Mobile
2025-06-04,Home,1657,538,Tablet
2025-07-01,About,1914,494,Tablet
2025-06-17,Contact,1414,335,Desktop
2025-06-29,Blog,1670,31,Tablet
2025-07-04,Blog,1708,205,Desktop
2025-06-23,About,1404,498,Tablet
2025-07-04,Home,1463,15,Tablet
2025-07-12,Blog,1861,175,Desktop
2025-06-04,Services,1313,586,Mobile
2025-07-13,Contact,1293,52,Mobile
2025-07-19,Home,1839,336,Desktop
2025-07-29,Careers,1534,120,Tablet
2025-07-02,Services,1100,60,Desktop
2025-06-06,Products,1544,575,Tablet
2025-07-22,Careers,1554,344,Mobile
2025-06-05,Contact,1515,155,Mobile
2025-06-15,FAQ,1372,392,Tablet
2025-07-01,FAQ,1209,200,Desktop
2025-07-20,FAQ,1936,595,Desktop
2025-07-22,FAQ,1186,247,Tablet
2025-07-28,Products,1576,416,Mobile
2025-07-29,Services,1388,142,Tablet
2025-07-16,Careers,1532,334,Desktop
2025-07-28,Blog,1257,109,Tablet
2025-07-24,Careers,1478,277,Tablet
2025-06-09,Contact,1564,110,Mobile
2025-07-18,Services,1958,414,Tablet
2025-07-19,Products,1303,351,Tablet
2025-07-17,Services,1619,220,Desktop
2025-06-21,Careers,1442,152,Desktop
2025-07-18,Home,1786,593,Desktop
2025-06-20,Services,1138,85,Mobile
2025-07-04,Services,1564,571,Tablet
2025-06-04,Services,1907,106,Mobile
2025-06-21,FAQ,1659,17,Desktop
2025-06-29,FAQ,1000,412,Desktop
2025-06-30,FAQ,1541,304,Desktop
2025-07-08,Contact,1331,426,Desktop
2025-06-19,Products,1721,535,Mobile
2025-07-15,Services,1870,46,Mobile
2025-07-03,About,1742,551,Mobile
2025-06-17,Products,1010,513,Desktop
2025-06-09,Home,1907,334,Desktop
2025-07-06,About,1753,92,Desktop
2025-06-30,Blog,1228,333,Mobile
2025-06-20,Contact,1622,394,Tablet
2025-07-24,Contact,1078,541,Tablet
2025-06-17,Careers,1653,131,Desktop
2025-07-07,Contact,1587,555,Mobile
2025-07-10,Careers,1520,59,Tablet
2025-07-30,Products,1168,389,Tablet
2025-07-27,FAQ,1413,293,Tablet
2025-07-23,Products,1520,178,Tablet
2025-06-12,Products,1201,77,Desktop
2025-07-13,Home,1700,388,Tablet
2025-06-13,Products,1853,524,Desktop
2025-07-05,FAQ,1929,162,Tablet
2025-06-16,Services,1089,164,Tablet
2025-07-16,Blog,1409,466,Tablet
2025-07-21,Products,1711,502,Desktop
2025-07-10,Products,1880,361,Tablet
2025-07-10,Blog,1383,419,Tablet
2025-06-08,Blog,1318,460,Tablet
2025-07-27,Home,1632,50,Desktop
2025-07-17,FAQ,1929,196,Desktop
2025-06-18,Products,1251,93,Mobile
2025-06-22,Products,1425,181,Desktop
2025-07-10,About,1885,411,Mobile
2025-07-22,Services,1955,253,Tablet
2025-06-08,About,1889,301,Desktop
2025-07-13,About,1185,76,Mobile
2025-07-30,Home,1994,71,Tablet
2025-07-02,Products,1249,195,Mobile
2025-06-30,Careers,1795,467,Tablet
2025-07-21,Careers,1036,151,Tablet
2025-07-11,Home,1140,258,Mobile
2025-06-26,Products,1660,258,Tablet
2025-06-10,Services,1404,426,Mobile
2025-06-03,FAQ,1151,154,Mobile
2025-06-05,About,1561,391,Mobile
2025-06-16,Services,1202,510,Mobile
2025-07-20,About,1664,226,Desktop
2025-07-18,About,1739,520,Tablet
2025-06-17,Services,1936,127,Desktop
2025-07-12,FAQ,1922,197,Desktop
2025-07-25,Home,1814,400,Mobile
2025-07-21,Services,1843,588,Mobile
2025-06-05,About,1646,195,Desktop
2025-06-03,Home,1822,209,Mobile
2025-06-24,Contact,1627,138,Desktop
2025-06-25,About,1603,238,Desktop
2025-07-27,Services,1723,99,Tablet
2025-07-06,Contact,1177,520,Tablet
2025-07-18,Products,1152,201,Tablet
2025-06-25,FAQ,1257,486,Mobile
2025-07-29,Services,1499,73,Mobile
2025-06-29,Home,1595,352,Mobile
2025-06-22,Products,1165,305,Tablet
2025-07-16,Home,1229,504,Tablet
2025-07-14,Products,1306,535,Desktop
2025-06-12,Contact,1523,231,Desktop
2025-07-20,Contact,1399,362,Mobile
2025-06-02,About,1102,89,Desktop
2025-07-01,Home,1453,449,Mobile
2025-06-06,FAQ,1159,277,Desktop
2025-07-23,Careers,1527,514,Tablet
2025-06-17,Products,1496,182,Tablet
2025-06-19,Services,1970,487,Mobile
2025-06-17,About,1665,199,Desktop
2025-07-01,Blog,1842,151,Desktop
2025-07-17,Home,1747,582,Tablet
2025-07-15,Contact,1238,428,Desktop
2025-07-06,Services,1417,458,Desktop
2025-07-07,FAQ,1253,505,Desktop
2025-07-27,About,1626,471,Tablet
2025-06-18,Careers,1416,131,Desktop
2025-07-19,Blog,1008,391,Desktop
2025-06-29,Careers,1518,105,Tablet
2025-07-09,About,1483,423,Desktop
2025-07-03,Products,1702,483,Mobile
2025-07-16,Services,1007,291,Mobile
2025-06-08,Services,1658,389,Tablet
2025-06-29,Services,1538,207,Desktop
2025-07-29,Contact,1018,59,Tablet
2025-07-22,Careers,1604,315,Mobile
2025-07-12,Careers,1831,408,Mobile
2025-07-26,Contact,1002,340,Mobile
2025-06-23,Careers,1322,275,Desktop
2025-07-19,FAQ,1272,55,Tablet
2025-06-22,Careers,1095,438,Mobile
2025-07-18,Services,1216,575,Tablet
2025-07-16,Services,1460,488,Desktop
2025-06-19,About,1779,15,Tablet
2025-07-29,Home,1720,290,Mobile
2025-07-10,Blog,1533,157,Mobile
2025-07-21,Home,1008,189,Mobile
2025-07-12,Services,1829,450,Mobile
2025-07-27,Careers,1109,523,Tablet
2025-06-29,Products,1104,561,Tablet
2025-06-27,Services,1285,256,Mobile
2025-07-20,Blog,1773,343,Mobile
2025-06-24,FAQ,1793,549,Desktop
2025-06-05,Contact,1713,220,Desktop
2025-06-27,Blog,1144,592,Mobile
2025-07-30,About,1584,105,Mobile
2025-06-09,Careers,1318,252,Desktop
2025-06-20,About,1114,442,Desktop
2025-06-29,Careers,1555,596,Tablet
2025-07-11,About,1595,334,Mobile
2025-06-04,Home,1026,378,Tablet
2025-07-16,Services,1102,241,Desktop
2025-06-23,Contact,1919,56,Desktop
2025-07-23,Careers,1127,424,Tablet
2025-07-16,Contact,1817,370,Mobile
2025-06-22,Home,1334,404,Mobile
2025-06-15,About,1828,108,Mobile
2025-06-22,Products,1508,197,Desktop
2025-06-05,Home,1464,88,Tablet
2025-07-05,Products,1146,19,Mobile
2025-06-02,Services,1714,451,Tablet
2025-06-29,Services,1053,154,Mobile
2025-07-22,About,1526,456,Mobile
2025-07-15,FAQ,1072,304,Tablet
2025-07-24,FAQ,1671,518,Mobile
2025-06-27,Products,1085,260,Mobile
2025-06-26,Contact,1133,388,Mobile
2025-07-14,Services,1585,352,Tablet
2025-07-24,Contact,1118,315,Mobile
2025-06-21,Products,1788,315,Desktop
2025-07-11,FAQ,1111,129,Tablet
2025-06-05,Products,1845,223,Tablet
2025-07-04,Contact,1662,360,Mobile
2025-06-17,FAQ,1838,426,Tablet
2025-06-07,Services,1452,189,Mobile
2025-06-21,Services,1967,168,Mobile
2025-06-08,Home,1566,514,Desktop
2025-06-08,Careers,1368,321,Desktop
2025-06-30,Contact,1507,396,Desktop
2025-06-21,FAQ,1221,523,Mobile
2025-06-30,Home,1726,306,Tablet
2025-06-28,Blog,1391,247,Desktop
2025-07-04,About,1009,400,Desktop
2025-06-27,Products,1346,43,Tablet
2025-06-02,About,1970,386,Mobile
2025-07-05,Services,1470,370,Tablet
2025-06-11,Products,1066,598,Tablet
2025-06-25,Home,1020,41,Desktop
2025-06-24,Blog,1102,126,Tablet
2025-06-10,Contact,1677,569,Tablet
2025-06-11,Products,1048,400,Mobile
2025-07-05,Services,1251,448,Tablet
2025-06-26,FAQ,1859,53,Tablet
2025-06-15,Careers,1763,248,Mobile
2025-07-13,Blog,1575,600,Desktop
2025-06-21,Services,1768,23,Tablet
2025-06-03,Blog,1888,259,Tablet
2025-07-29,Home,1753,460,Mobile
2025-06-02,Home,1344,525,Desktop
2025-07-06,Contact,1314,359,Desktop
2025-07-17,Products,1927,210,Desktop
2025-06-25,Careers,1678,573,Mobile
2025-07-24,About,1718,98,Desktop
2025-07-20,Blog,1588,510,Desktop
2025-06-30,Blog,1160,190,Desktop
2025-06-24,Blog,1300,76,Tablet
2025-07-19,Contact,1114,530,Mobile
2025-06-29,Contact,1022,315,Tablet
2025-06-06,Products,1286,165,Tablet
2025-07-06,Contact,1834,559,Mobile
2025-06-07,Contact,1667,565,Tablet
2025-07-08,Services,1385,585,Tablet
2025-07-13,Services,1724,131,Tablet
2025-06-12,Services,1299,500,Tablet
2025-07-17,Services,1234,336,Desktop
2025-06-23,Products,1239,516,Tablet
2025-07-24,Blog,1468,527,Mobile
2025-06-26,Home,1380,14,Desktop
2025-07-23,Blog,1861,324,Mobile
2025-07-19,About,1066,131,Tablet
2025-06-17,Products,1859,246,Tablet
2025-06-28,Careers,1385,430,Mobile
2025-07-21,Contact,1514,232,Tablet
2025-07-29,Products,2000,595,Mobile
2025-06-09,About,1100,280,Mobile
2025-07-07,Blog,1733,299,Desktop
2025-06-09,Blog,1966,590,Desktop
2025-07-25,About,1725,489,Mobile
2025-07-24,Contact,1641,129,Desktop
2025-06-05,Products,1603,384,Desktop
2025-06-06,Careers,1210,151,Desktop
2025-07-25,Services,1384,446,Desktop
2025-07-16,Contact,1564,386,Tablet
2025-06-15,Contact,1857,156,Desktop
2025-06-30,Blog,1065,559,Tablet
2025-06-02,Products,1620,571,Tablet
2025-07-23,Services,1914,121,Desktop
2025-07-30,Services,1373,138,Mobile
2025-06-26,Services,1600,110,Tablet
2025-06-18,Services,1978,153,Desktop
2025-07-08,Services,1935,587,Mobile
2025-06-16,Contact,1577,223,Tablet
2025-07-26,Services,1326,312,Mobile
2025-07-30,Products,1417,211,Desktop
2025-06-28,Careers,1495,502,Mobile
2025-07-18,About,1190,560,Desktop
2025-06-26,About,1643,28,Tablet
2025-06-03,Services,1322,130,Desktop
2025-06-15,Blog,1010,389,Mobile
2025-07-17,Services,1163,379,Mobile
2025-07-05,FAQ,1522,577,Mobile
2025-06-13,FAQ,1909,265,Tablet
2025-07-18,Products,1564,260,Desktop
2025-07-21,FAQ,1362,532,Desktop
2025-06-24,Contact,1441,334,Mobile
2025-06-11,Services,1464,335,Tablet
2025-07-23,Services,1953,229,Tablet
2025-06-16,About,1111,299,Tablet
2025-07-05,About,1281,403,Desktop
2025-07-28,Home,1596,75,Mobile
2025-06-11,Products,1462,202,Mobile
2025-06-28,FAQ,1020,235,Tablet
2025-06-28,Services,1156,301,Desktop
2025-06-27,Products,1724,154,Desktop
2025-06-09,FAQ,1812,61,Desktop
2025-07-05,Products,1739,419,Desktop
2025-07-27,Careers,1973,479,Tablet
2025-07-28,Careers,1186,357,Tablet
2025-07-19,About,1504,379,Tablet
2025-07-02,Careers,1209,325,Desktop
2025-06-04,Blog,1564,282,Mobile
2025-06-02,Careers,1873,282,Tablet
2025-07-08,FAQ,1070,110,Tablet
2025-07-23,FAQ,1248,472,Mobile
2025-07-10,Services,1934,484,Desktop
2025-06-21,Services,1090,523,Tablet
2025-07-20,Careers,1662,448,Desktop
2025-07-28,Products,1671,512,Tablet
2025-06-24,Services,1681,70,Mobile
2025-07-22,Careers,1951,449,Desktop
2025-06-21,Services,1257,361,Mobile
2025-07-30,Contact,1604,425,Desktop
2025-07-05,Products,1070,308,Mobile
2025-06-02,Home,1283,151,Tablet
2025-07-07,Blog,1726,395,Tablet
2025-06-12,Home,1161,118,Desktop
2025-06-21,Home,1201,83,Desktop
2025-06-18,Home,1098,563,Desktop
2025-06-05,Services,1062,424,Tablet
2025-06-18,About,1973,52,Mobile
2025-07-24,Contact,1247,228,Desktop
2025-07-14,Contact,1057,246,Tablet
2025-06-29,Products,1901,522,Desktop
2025-07-04,Products,1049,115,Desktop
2025-07-02,Products,1376,409,Mobile
2025-07-31,Products,1210,475,Mobile
2025-06-19,Services,1937,517,Mobile
2025-07-22,FAQ,1720,448,Mobile
2025-07-28,About,1316,251,Mobile
2025-06-12,Blog,1182,317,Mobile
2025-06-19,Contact,1183,549,Desktop
2025-07-19,Services,1930,453,Tablet
2025-07-21,About,1617,327,Mobile
2025-06-25,Home,1180,228,Mobile
2025-07-08,Services,1110,416,Desktop
2025-06-22,Products,1023,288,Tablet
2025-06-22,Home,1924,430,Tablet
2025-07-27,Careers,1781,39,Tablet
2025-06-08,Careers,1664,127,Mobile
2025-06-05,Home,1757,52,Mobile
2025-07-29,Services,1335,521,Tablet
2025-07-16,Contact,1983,273,Tablet
2025-07-16,Careers,1233,207,Tablet
2025-06-20,Products,1012,94,Desktop
2025-07-25,FAQ,1293,154,Mobile
2025-06-28,Home,1390,293,Mobile
2025-07-20,About,1203,141,Tablet
2025-07-29,FAQ,1053,119,Mobile
2025-06-17,Home,1414,127,Tablet
2025-07-18,Home,1135,574,Mobile
2025-07-31,Careers,1575,173,Mobile
2025-07-30,Contact,1812,505,Desktop
2025-06-28,Contact,1728,413,Tablet
2025-06-28,Blog,1464,393,Mobile
2025-07-30,Contact,1639,335,Desktop
2025-07-31,Blog,1778,462,Tablet
2025-07-20,Blog,1294,552,Mobile
2025-07-11,Contact,1244,500,Tablet
2025-06-18,Products,1365,37,Desktop
2025-07-18,Contact,1836,37,Mobile
2025-06-30,About,1320,539,Mobile
2025-06-04,About,1685,40,Mobile
2025-07-06,FAQ,1933,317,Mobile
2025-07-03,Home,1885,218,Mobile
2025-07-21,About,1511,562,Mobile
2025-07-12,Services,1470,569,Tablet
2025-06-10,Blog,1024,57,Tablet
2025-06-17,Blog,1894,544,Mobile
2025-06-20,Products,1314,599,Tablet
2025-06-18,Contact,1898,55,Tablet
2025-06-27,FAQ,1485,342,Mobile
2025-06-24,Careers,1838,321,Mobile
2025-07-31,About,1506,287,Tablet
2025-07-23,About,1830,306,Tablet
2025-06-06,Home,1842,322,Desktop
2025-07-04,Blog,1737,438,Mobile
2025-07-07,Blog,1401,493,Desktop
2025-07-01,Contact,1919,406,Tablet
2025-07-02,Careers,1052,539,Tablet
2025-06-27,About,1102,80,Desktop
2025-06-09,Careers,1929,29,Desktop
2025-06-27,Home,1842,456,Tablet
2025-06-29,Services,1093,218,Desktop
2025-07-21,Services,1217,422,Mobile
2025-07-12,FAQ,1739,138,Desktop
2025-07-31,Blog,1179,391,Tablet
2025-07-07,Services,1203,511,Desktop
2025-06-04,About,1529,531,Desktop
2025-06-07,Careers,1062,157,Mobile
2025-07-06,Contact,1151,395,Mobile
2025-06-12,About,1884,433,Desktop
2025-06-05,Careers,1837,317,Tablet
2025-06-07,Home,1436,247,Mobile
2025-07-16,Services,1667,233,Desktop
2025-07-17,Products,1689,557,Desktop
2025-07-29,Services,1818,423,Desktop
2025-07-05,About,1332,125,Mobile
2025-07-05,Blog,1611,532,Mobile
2025-06-25,Services,1736,266,Mobile
2025-07-12,Careers,1352,528,Tablet
2025-07-24,Home,1941,433,Mobile
2025-06-08,Careers,1024,598,Desktop
2025-06-22,Contact,1560,509,Desktop
2025-06-25,Careers,1136,19,Mobile
2025-06-07,About,1824,255,Mobile
2025-06-25,Products,1781,420,Mobile
2025-06-04,Home,1591,541,Desktop
2025-06-11,Contact,1182,191,Tablet
2025-06-23,Careers,1751,544,Desktop
2025-07-24,Services,1963,597,Desktop
2025-06-13,About,1668,81,Tablet
2025-07-15,Careers,1755,591,Mobile
2025-06-22,About,1456,585,Mobile
2025-06-10,FAQ,1505,278,Tablet
2025-06-02,FAQ,1246,183,Mobile
2025-07-27,Blog,1160,578,Desktop
2025-07-10,Careers,1392,599,Desktop
2025-07-16,Contact,1142,142,Desktop
2025-07-30,FAQ,1608,61,Desktop
2025-07-02,FAQ,1776,384,Mobile
2025-06-25,Home,1990,357,Mobile
2025-07-07,Services,1626,30,Mobile
2025-06-20,Careers,1188,569,Desktop
2025-06-04,Careers,1000,122,Tablet
2025-07-15,FAQ,1180,323,Mobile
2025-06-17,Blog,1540,568,Tablet
2025-06-05,Services,1397,337,Tablet
2025-07-04,Blog,1469,207,Mobile
2025-07-17,FAQ,1765,427,Mobile
2025-06-09,Services,1448,564,Mobile
2025-07-28,About,1046,486,Mobile
2025-06-03,Products,1526,326,Mobile
2025-07-13,Services,1638,563,Tablet
2025-06-02,Careers,1355,149,Tablet
2025-07-18,FAQ,1243,597,Tablet
2025-06-21,Products,1084,139,Tablet
2025-07-20,Careers,1563,200,Desktop
2025-07-18,Blog,1647,493,Desktop
2025-06-11,FAQ,1718,505,Desktop
2025-07-19,Contact,1089,364,Mobile
2025-06-02,Services,1762,490,Tablet
2025-07-07,About,1446,455,Desktop
2025-06-18,Blog,1304,397,Tablet
2025-07-25,FAQ,1618,95,Tablet
2025-06-12,FAQ,1075,62,Mobile
2025-06-04,Blog,1647,496,Tablet
2025-07-08,Careers,1306,244,Tablet
2025-07-25,About,1595,248,Mobile
2025-07-21,Blog,1416,377,Tablet
2025-07-25,Home,1834,144,Mobile
2025-06-05,About,1202,99,Desktop
2025-07-26,Home,1412,416,Tablet
2025-07-18,FAQ,1194,25,Desktop
2025-06-10,FAQ,1044,50,Tablet
2025-07-08,FAQ,1025,456,Desktop
2025-06-27,Home,1501,383,Mobile
2025-07-03,FAQ,1041,139,Mobile
2025-06-06,Products,1655,555,Tablet
2025-07-21,Services,1440,364,Tablet
2025-06-09,Contact,1681,407,Mobile
2025-06-25,Blog,1437,523,Mobile
2025-07-18,Products,1739,241,Tablet
2025-06-19,About,1797,541,Mobile
2025-06-19,Contact,1965,502,Mobile
2025-07-29,FAQ,1418,373,Mobile
2025-07-15,Products,1579,405,Desktop
2025-07-22,About,1387,411,Tablet
2025-07-11,Products,1908,412,Mobile
2025-06-07,FAQ,1391,130,Desktop
2025-06-28,Blog,1739,40,Desktop
2025-07-17,Blog,1179,477,Tablet
2025-06-20,About,1201,506,Mobile
2025-07-16,Blog,1041,191,Desktop
2025-06-20,FAQ,1345,362,Mobile
2025-06-03,Products,1023,398,Desktop
2025-07-18,Careers,1677,35,Tablet
2025-07-24,Careers,1663,483,Mobile
2025-06-28,Blog,1360,381,Tablet
2025-07-28,Careers,1367,294,Mobile
2025-07-17,Blog,1218,152,Tablet
2025-06-17,Contact,1826,244,Tablet
2025-07-18,Home,1529,563,Desktop
2025-07-17,Blog,1211,59,Desktop
2025-07-25,Home,1314,280,Tablet
2025-07-27,Products,1493,186,Tablet
2025-06-25,Home,1257,122,Mobile
2025-07-15,Contact,1484,428,Tablet
2025-07-08,Careers,1810,209,Desktop
2025-06-08,Careers,1450,369,Mobile
2025-06-26,About,1379,306,Tablet
2025-06-24,Blog,1684,278,Mobile
2025-06-12,Products,1073,130,Tablet
2025-06-16,Contact,1478,128,Mobile
2025-07-21,Careers,1864,571,Mobile
2025-07-13,Products,1534,15,Tablet
2025-07-25,About,1805,385,Mobile
2025-07-01,FAQ,1378,292,Tablet
2025-07-30,Contact,1994,121,Tablet
2025-07-10,FAQ,1471,330,Tablet
2025-07-26,Careers,1028,586,Desktop
2025-06-25,Services,1651,236,Desktop
2025-06-06,About,1693,516,Tablet
2025-07-17,Careers,1244,49,Desktop
2025-06-22,Products,1780,19,Mobile
2025-06-29,About,1936,574,Mobile
2025-06-14,Services,1876,389,Tablet
2025-07-11,Home,1918,97,Tablet
2025-07-24,About,1327,253,Tablet
2025-07-25,About,1737,347,Tablet
2025-07-25,About,1439,163,Mobile
2025-07-24,Contact,1088,158,Tablet
2025-07-18,Contact,1400,308,Mobile
2025-07-10,FAQ,1704,307,Tablet
2025-06-15,About,1129,48,Desktop
2025-06-30,Contact,1646,160,Desktop
2025-07-21,Careers,1312,150,Mobile
2025-06-04,Home,1045,314,Tablet
2025-06-14,Contact,1196,240,Mobile
2025-07-26,Blog,1601,526,Mobile
2025-06-15,Blog,1628,491,Mobile
2025-06-30,Contact,1971,167,Desktop
2025-07-26,FAQ,1498,583,Desktop
2025-07-27,Careers,1006,449,Tablet
2025-06-30,Products,1625,541,Tablet
2025-06-16,Blog,1593,355,Mobile
2025-07-24,Careers,1381,61,Mobile
2025-06-05,Services,1925,79,Desktop
2025-06-04,Careers,1443,397,Tablet
2025-06-20,About,1550,341,Mobile
2025-06-17,Contact,1799,241,Tablet
2025-07-13,Careers,1261,429,Mobile
2025-06-12,Contact,1846,565,Mobile
2025-07-19,Services,1284,587,Tablet
2025-07-07,Products,1018,232,Desktop
2025-06-18,About,1051,181,Tablet
2025-06-24,Blog,1368,44,Mobile
2025-07-14,FAQ,1515,481,Mobile
2025-06-10,FAQ,1646,314,Tablet
2025-07-23,Services,1714,367,Desktop
2025-06-18,Careers,1983,99,Mobile
2025-06-15,Home,1669,291,Tablet
2025-06-25,FAQ,1392,44,Mobile
2025-06-12,Services,1359,453,Desktop
2025-06-07,About,1864,388,Tablet
2025-06-25,Home,1184,568,Tablet
2025-06-11,FAQ,1020,355,Tablet
2025-07-09,FAQ,1103,465,Desktop
2025-07-31,FAQ,1720,418,Tablet
2025-06-28,Blog,1321,585,Tablet
2025-06-28,Products,1241,303,Desktop
2025-07-21,Services,1310,432,Mobile
2025-07-14,Careers,1521,99,Desktop
2025-07-08,Blog,1534,403,Tablet
2025-06-26,Careers,1096,91,Tablet
2025-07-15,Products,1968,326,Mobile
2025-07-08,Services,1140,175,Mobile
2025-06-18,Blog,1771,596,Mobile
2025-06-03,FAQ,1911,185,Tablet
2025-06-11,FAQ,1449,363,Mobile
2025-06-30,About,1956,108,Mobile
2025-06-20,Services,1220,578,Desktop
2025-06-02,Blog,1907,149,Tablet
2025-07-21,Blog,1929,434,Mobile
2025-07-14,FAQ,1117,333,Mobile
2025-07-10,Contact,1043,33,Desktop
2025-06-16,Blog,1725,275,Mobile
2025-07-19,Products,1755,468,Tablet
2025-07-01,Careers,1811,424,Desktop
2025-06-18,FAQ,1358,33,Tablet
2025-06-26,About,1453,385,Mobile
2025-06-23,Home,1263,222,Mobile
2025-07-05,Blog,1569,275,Mobile
2025-06-22,Home,1166,197,Mobile
2025-07-18,FAQ,1627,557,Mobile
2025-06-02,Products,1959,83,Mobile
2025-07-27,Careers,1505,593,Tablet
2025-06-16,Home,1755,323,Tablet
2025-07-19,About,1597,194,Mobile
2025-07-26,FAQ,1413,256,Mobile
2025-06-27,FAQ,1252,413,Desktop
2025-07-31,Blog,1690,466,Desktop
2025-07-07,Home,1843,81,Desktop
2025-07-27,Contact,1431,299,Desktop
2025-07-30,Contact,1349,421,Tablet
2025-07-16,Blog,1358,317,Mobile
2025-07-26,Careers,1139,217,Tablet
2025-07-29,FAQ,1831,114,Tablet
2025-06-16,Careers,1498,226,Mobile
2025-06-20,Blog,1349,455,Mobile
2025-06-26,About,1850,51,Desktop
2025-07-02,FAQ,1017,208,Desktop
2025-07-17,Blog,1491,578,Desktop
2025-07-29,Services,1641,391,Desktop
2025-06-04,About,1393,458,Desktop
2025-07-06,Services,1738,388,Tablet
2025-07-07,FAQ,1119,303,Tablet
2025-07-30,Careers,1964,528,Tablet
2025-07-13,Products,1176,242,Mobile
2025-07-09,Services,1816,474,Desktop
2025-07-19,About,1782,479,Desktop
2025-06-26,About,1186,198,Mobile
2025-07-14,Services,1869,75,Mobile
2025-06-08,Services,1985,459,Mobile
2025-06-24,FAQ,1650,459,Tablet
2025-07-19,Blog,1617,43,Mobile
2025-06-21,Blog,1676,591,Mobile
2025-07-01,Careers,1585,315,Mobile
2025-06-21,Products,1010,57,Tablet
2025-07-15,Blog,1574,331,Tablet
2025-07-14,Contact,1110,139,Tablet
2025-06-14,Blog,1148,291,Mobile
2025-07-15,FAQ,1236,488,Mobile
2025-07-26,Contact,1674,582,Mobile
2025-06-13,FAQ,1922,27,Tablet
2025-07-08,Contact,1068,235,Mobile
2025-06-20,Products,1649,302,Mobile
2025-06-14,Products,1475,550,Tablet
2025-07-25,Home,1864,537,Desktop
2025-06-13,Contact,1429,309,Desktop
2025-06-19,Blog,1419,445,Desktop
2025-07-07,Contact,1796,104,Desktop
2025-07-20,Products,1584,453,Mobile
2025-07-19,FAQ,1714,253,Desktop
2025-07-24,About,1645,582,Desktop
2025-06-23,Home,1667,104,Tablet
2025-07-10,Products,1923,501,Mobile
2025-07-16,Careers,1017,222,Tablet
2025-06-21,Products,1221,246,Tablet
2025-07-19,Careers,1765,197,Desktop
2025-06-02,Products,1905,467,Desktop
2025-07-25,Contact,1383,169,Desktop
2025-07-11,Blog,1777,297,Tablet
2025-06-05,Careers,1076,570,Mobile
2025-07-16,About,1248,455,Desktop
2025-06-08,FAQ,1035,555,Tablet
2025-07-21,Products,1233,402,Mobile
2025-06-18,Blog,1492,241,Tablet
2025-06-16,Careers,1060,293,Mobile
2025-06-16,Careers,1204,16,Desktop
2025-07-28,Blog,1834,424,Desktop
2025-06-05,About,1143,17,Tablet
2025-07-05,Services,1240,128,Tablet
2025-07-27,Services,1378,392,Desktop
2025-06-27,Home,1719,171,Desktop
2025-06-23,Contact,1056,450,Desktop
2025-06-24,Services,1611,584,Mobile
2025-06-27,Products,1394,102,Tablet
2025-06-23,Products,1770,592,Mobile
2025-06-19,Careers,1978,225,Tablet
2025-06-02,FAQ,1689,55,Mobile
2025-06-12,Blog,1582,306,Tablet
2025-06-11,About,1635,464,Mobile
2025-07-16,About,1294,169,Tablet
2025-06-08,Contact,1991,469,Tablet
2025-07-06,Services,1183,388,Mobile
2025-07-28,About,1338,231,Tablet
2025-07-31,FAQ,1620,201,Tablet
2025-06-13,Home,1155,52,Mobile
2025-07-01,Careers,1877,553,Mobile
2025-07-08,About,1248,268,Desktop
2025-06-04,Services,1880,83,Mobile
2025-06-02,Careers,1203,59,Desktop
2025-07-07,About,1168,179,Tablet
2025-07-19,FAQ,1654,419,Tablet
2025-07-04,About,1562,53,Mobile
2025-06-15,About,1714,167,Desktop
2025-06-03,Contact,1077,448,Desktop
2025-07-18,Products,1273,409,Mobile
2025-06-26,Services,1396,578,Tablet
2025-07-03,FAQ,1818,280,Desktop
2025-07-31,Products,1276,383,Desktop
2025-06-19,Contact,1140,544,Tablet
2025-07-09,FAQ,1849,196,Mobile
2025-07-12,Services,1889,497,Desktop
2025-06-15,Blog,1495,265,Mobile
2025-06-05,Blog,1347,35,Desktop
2025-07-25,Contact,1962,587,Desktop
2025-06-12,Careers,1788,267,Tablet
2025-07-20,Careers,1015,600,Desktop
2025-06-02,Contact,1010,205,Tablet
2025-06-16,Products,1806,438,Desktop
2025-07-30,About,1410,230,Tablet
2025-06-27,Blog,1626,518,Tablet
2025-06-18,Home,1844,394,Desktop
2025-06-25,Home,1822,200,Tablet
2025-07-06,FAQ,1745,412,Tablet
2025-07-02,Services,1861,47,Mobile
2025-06-12,Blog,1069,464,Mobile
2025-06-26,FAQ,1769,288,Tablet
2025-06-05,About,1190,436,Tablet
2025-06-29,Services,1847,437,Mobile
2025-07-16,Products,1524,285,Tablet
2025-06-12,Contact,1823,168,Mobile
2025-06-04,Services,1287,516,Tablet
2025-07-24,FAQ,1172,507,Desktop
2025-06-16,About,1984,488,Mobile
2025-07-14,FAQ,1827,506,Desktop
2025-07-17,About,1644,239,Mobile
2025-07-19,Careers,1055,51,Desktop
2025-06-25,FAQ,1381,245,Tablet
2025-07-27,FAQ,1857,590,Mobile
2025-07-23,Services,1656,324,Tablet
2025-06-07,Products,1583,289,Mobile
2025-07-04,Careers,1758,218,Desktop
2025-07-22,About,1327,392,Tablet
2025-07-31,Careers,1257,39,Mobile
2025-07-13,About,1494,540,Desktop
2025-06-30,Services,1109,131,Tablet
2025-06-14,Services,1494,126,Desktop
2025-06-10,Careers,1456,318,Desktop
2025-07-01,Home,1822,320,Desktop
2025-06-23,Blog,1265,55,Mobile
2025-07-19,Contact,1313,91,Mobile
2025-06-21,FAQ,1390,598,Mobile
2025-07-29,Products,1114,561,Mobile
2025-06-16,About,1141,142,Tablet
2025-06-06,Careers,1233,300,Mobile
2025-07-21,Blog,1846,251,Tablet
2025-06-14,Products,1599,215,Desktop
2025-06-11,About,1348,406,Tablet
2025-07-31,About,1326,414,Tablet
2025-07-16,Blog,1073,583,Desktop
2025-06-08,Home,1930,370,Desktop
2025-06-04,Blog,1175,574,Desktop
2025-07-17,Services,1679,60,Mobile
2025-07-25,FAQ,1388,582,Tablet
2025-06-12,Home,1175,422,Mobile
2025-06-17,Blog,1889,321,Desktop
2025-06-27,Home,1550,462,Mobile
2025-06-11,Contact,1613,476,Tablet
2025-06-20,Services,1099,458,Mobile
2025-07-04,Blog,1985,444,Desktop
2025-07-18,Products,1060,349,Tablet
2025-06-14,Blog,1195,108,Desktop
2025-06-14,Products,1546,400,Tablet
2025-06-18,Contact,1172,172,Desktop
2025-07-24,Products,1010,413,Desktop
2025-07-21,Home,1687,207,Tablet
2025-07-09,Home,1394,379,Desktop
2025-07-06,Blog,1349,89,Tablet
2025-07-11,Products,1908,593,Mobile
2025-06-03,Blog,1834,254,Mobile
2025-07-25,Blog,1167,320,Desktop
2025-06-25,Products,1272,338,Tablet
2025-07-04,Home,1327,306,Desktop
2025-06-22,FAQ,1003,527,Desktop
2025-06-06,Careers,1744,521,Desktop
2025-07-22,Contact,1621,51,Desktop
2025-06-09,Services,1004,591,Mobile
2025-06-09,Contact,1090,116,Tablet
2025-06-05,Products,1095,244,Tablet
2025-06-25,Home,1052,146,Tablet
2025-07-05,Blog,1307,131,Mobile
2025-07-21,Home,1683,116,Mobile
2025-07-14,Products,1683,77,Desktop
2025-07-09,Careers,1454,414,Tablet
2025-07-06,FAQ,1255,166,Desktop
2025-07-07,Blog,1006,413,Tablet
2025-06-13,Home,1715,131,Desktop
2025-07-26,About,1882,64,Desktop
2025-06-12,Products,1891,431,Desktop
2025-06-02,Blog,1979,418,Desktop
2025-07-30,Home,1401,133,Desktop
2025-07-22,Blog,1318,175,Mobile
2025-07-25,About,1016,352,Desktop
2025-06-13,Home,1475,253,Desktop
2025-07-09,Blog,1792,463,Tablet
2025-07-28,Products,1061,228,Desktop
2025-06-22,Services,1938,116,Mobile
2025-07-02,FAQ,1684,158,Desktop
2025-07-03,Home,1104,574,Desktop
2025-07-05,FAQ,1690,421,Tablet
2025-07-17,Home,1401,378,Desktop
2025-07-09,Services,1973,93,Mobile
2025-07-30,Contact,1710,419,Desktop
2025-07-07,Home,1210,571,Desktop
2025-06-10,Services,1512,272,Tablet
2025-06-15,Services,1489,61,Desktop
2025-06-03,Products,1943,424,Tablet
2025-07-10,Home,1399,406,Mobile
2025-07-04,Blog,1978,32,Mobile
2025-06-17,FAQ,1502,247,Mobile
2025-07-28,FAQ,1981,337,Tablet
2025-06-06,Careers,1419,506,Desktop
2025-07-15,Blog,1495,162,Tablet
2025-06-17,About,1378,117,Tablet
2025-06-11,Blog,1170,326,Tablet
2025-07-01,Products,1781,532,Desktop
2025-07-25,Careers,1851,209,Desktop
2025-06-28,Home,1624,548,Desktop
2025-06-14,About,1748,260,Desktop
2025-07-14,Careers,1886,260,Tablet
2025-07-02,Products,1461,130,Desktop
2025-06-05,Blog,1543,100,Desktop
